image_path,true_class,predicted_class,confidence_score
C:\Updated_Project\CroppedData\Acne\07AcnePittedScars.jpeg,Acne,Tinea,0.96678299
C:\Updated_Project\CroppedData\Acne\152__ProtectWyJQcm90ZWN0Il0_FocusFillWzI5NCwyMjIsIngiLDFd.jpeg,Acne,Psoriasis,0.57156926
C:\Updated_Project\CroppedData\Acne\184__ProtectWyJQcm90ZWN0Il0_FocusFillWzI5NCwyMjIsIngiLDFd.jpeg,Acne,Psoriasis,0.52720314
C:\Updated_Project\CroppedData\Acne\189__ProtectWyJQcm90ZWN0Il0_FocusFillWzI5NCwyMjIsIngiLDFd.jpeg,Acne,Psoriasis,0.56622279
C:\Updated_Project\CroppedData\Acne\acne-closed-comedo-11.jpeg,Acne,Psoriasis,0.86920488
C:\Updated_Project\CroppedData\Acne\acne-closed-comedo-12.jpeg,Acne,Tinea,0.77783132
C:\Updated_Project\CroppedData\Acne\acne-closed-comedo-13.jpeg,Acne,Tinea,0.50799602
C:\Updated_Project\CroppedData\Acne\acne-closed-comedo-14.jpeg,Acne,Tinea,0.92876333
C:\Updated_Project\CroppedData\Acne\acne-closed-comedo-2.jpeg,Acne,Tinea,0.81221974
C:\Updated_Project\CroppedData\Acne\acne-closed-comedo-24.jpeg,Acne,Tinea,0.95083439
C:\Updated_Project\CroppedData\Acne\acne-closed-comedo-25.jpeg,Acne,Tinea,0.64027536
C:\Updated_Project\CroppedData\Acne\acne-closed-comedo-26.jpeg,Acne,Tinea,0.71785349
C:\Updated_Project\CroppedData\Acne\acne-closed-comedo-36.jpeg,Acne,Tinea,0.86815935
C:\Updated_Project\CroppedData\Acne\acne-closed-comedo-38.jpeg,Acne,Tinea,0.52643675
C:\Updated_Project\CroppedData\Acne\acne-closed-comedo-6.jpeg,Acne,Psoriasis,0.49126822
C:\Updated_Project\CroppedData\Acne\acne-closed-comedo-9.jpeg,Acne,Psoriasis,0.69167262
C:\Updated_Project\CroppedData\Acne\acne-cystic-113.jpeg,Acne,Psoriasis,0.44541082
C:\Updated_Project\CroppedData\Acne\acne-cystic-115.jpeg,Acne,Psoriasis,0.74990761
C:\Updated_Project\CroppedData\Acne\acne-cystic-117.jpeg,Acne,Psoriasis,0.96083283
C:\Updated_Project\CroppedData\Acne\acne-cystic-137.jpeg,Acne,Psoriasis,0.90520966
C:\Updated_Project\CroppedData\Acne\acne-cystic-141.jpeg,Acne,Tinea,0.64056021
C:\Updated_Project\CroppedData\Acne\acne-cystic-142.jpeg,Acne,Vitiligo,0.39039242
C:\Updated_Project\CroppedData\Acne\acne-cystic-145.jpeg,Acne,Psoriasis,0.41379029
C:\Updated_Project\CroppedData\Acne\acne-cystic-147.jpeg,Acne,Tinea,0.71701807
C:\Updated_Project\CroppedData\Acne\acne-cystic-149.jpeg,Acne,Psoriasis,0.53651965
C:\Updated_Project\CroppedData\Acne\acne-cystic-18.jpeg,Acne,Psoriasis,0.67930156
C:\Updated_Project\CroppedData\Acne\acne-cystic-27.jpeg,Acne,Tinea,0.71639866
C:\Updated_Project\CroppedData\Acne\acne-cystic-28.jpeg,Acne,Tinea,0.72051173
C:\Updated_Project\CroppedData\Acne\acne-cystic-29.jpeg,Acne,Psoriasis,0.70405537
C:\Updated_Project\CroppedData\Acne\acne-cystic-31.jpeg,Acne,Psoriasis,0.60393596
C:\Updated_Project\CroppedData\Acne\acne-cystic-49.jpeg,Acne,Tinea,0.36861217
C:\Updated_Project\CroppedData\Acne\acne-cystic-57.jpeg,Acne,Tinea,0.62558430
C:\Updated_Project\CroppedData\Acne\acne-cystic-6.jpeg,Acne,Psoriasis,0.80984622
C:\Updated_Project\CroppedData\Acne\acne-cystic-85.jpeg,Acne,Tinea,0.77414262
C:\Updated_Project\CroppedData\Acne\acne-cystic-90.jpeg,Acne,Tinea,0.58705187
C:\Updated_Project\CroppedData\Acne\acne-excoriated-11.jpeg,Acne,Psoriasis,0.45549488
C:\Updated_Project\CroppedData\Acne\acne-excoriated-19.jpeg,Acne,Vitiligo,0.40598074
C:\Updated_Project\CroppedData\Acne\acne-excoriated-20.jpeg,Acne,Psoriasis,0.51919073
C:\Updated_Project\CroppedData\Acne\acne-excoriated-21.jpeg,Acne,Vitiligo,0.75284100
C:\Updated_Project\CroppedData\Acne\acne-excoriated-23.jpeg,Acne,Psoriasis,0.69589865
C:\Updated_Project\CroppedData\Acne\acne-excoriated-24.jpeg,Acne,Psoriasis,0.52467090
C:\Updated_Project\CroppedData\Acne\acne-excoriated-5.jpeg,Acne,Psoriasis,0.92100251
C:\Updated_Project\CroppedData\Acne\acne-excoriated-6.jpeg,Acne,Psoriasis,0.46587300
C:\Updated_Project\CroppedData\Acne\acne-face-1-42__ProtectWyJQcm90ZWN0Il0_FocusFillWzI5NCwyMjIsIngiLDFd.jpeg,Acne,Tinea,0.61690223
C:\Updated_Project\CroppedData\Acne\acne-face-1-7__ProtectWyJQcm90ZWN0Il0_FocusFillWzI5NCwyMjIsIngiLDFd.jpeg,Acne,Psoriasis,0.64540821
C:\Updated_Project\CroppedData\Acne\acne-face-2-10__ProtectWyJQcm90ZWN0Il0_FocusFillWzI5NCwyMjIsIngiLDFd.jpeg,Acne,Psoriasis,0.77782047
C:\Updated_Project\CroppedData\Acne\acne-face-2-13__ProtectWyJQcm90ZWN0Il0_FocusFillWzI5NCwyMjIsIngiLDFd.jpeg,Acne,Tinea,0.50024855
C:\Updated_Project\CroppedData\Acne\acne-face-2-1__ProtectWyJQcm90ZWN0Il0_FocusFillWzI5NCwyMjIsIngiLDFd.jpeg,Acne,Psoriasis,0.55900306
C:\Updated_Project\CroppedData\Acne\acne-face-2-20__ProtectWyJQcm90ZWN0Il0_FocusFillWzI5NCwyMjIsInkiLDg1XQ.jpeg,Acne,Tinea,0.48056409
C:\Updated_Project\CroppedData\Acne\acne-face-21__ProtectWyJQcm90ZWN0Il0_FocusFillWzI5NCwyMjIsIngiLDE4XQ.jpeg,Acne,Tinea,0.62640637
C:\Updated_Project\CroppedData\Acne\acne-face-3-11__ProtectWyJQcm90ZWN0Il0_FocusFillWzI5NCwyMjIsIngiLDFd.jpeg,Acne,Tinea,0.67455620
C:\Updated_Project\CroppedData\Acne\acne-face-36__ProtectWyJQcm90ZWN0Il0_FocusFillWzI5NCwyMjIsIngiLDFd.jpeg,Acne,Psoriasis,0.72146118
C:\Updated_Project\CroppedData\Acne\acne-face-3__ProtectWyJQcm90ZWN0Il0_FocusFillWzI5NCwyMjIsIngiLDFd.jpeg,Acne,Psoriasis,0.59857255
C:\Updated_Project\CroppedData\Acne\acne-face-5-1__ProtectWyJQcm90ZWN0Il0_FocusFillWzI5NCwyMjIsIngiLDFd.jpeg,Acne,Tinea,0.44070277
C:\Updated_Project\CroppedData\Acne\acne-face-80__ProtectWyJQcm90ZWN0Il0_FocusFillWzI5NCwyMjIsIngiLDIzXQ.jpeg,Acne,Psoriasis,0.50941771
C:\Updated_Project\CroppedData\Acne\acne-infantile-14.jpeg,Acne,Tinea,0.57410175
C:\Updated_Project\CroppedData\Acne\acne-mechanica-1.jpeg,Acne,Psoriasis,0.87900525
C:\Updated_Project\CroppedData\Acne\acne-open-comedo-10.jpeg,Acne,Tinea,0.54592186
C:\Updated_Project\CroppedData\Acne\acne-open-comedo-13.jpeg,Acne,Psoriasis,0.61411965
C:\Updated_Project\CroppedData\Acne\acne-open-comedo-18.jpeg,Acne,Tinea,0.74046183
C:\Updated_Project\CroppedData\Acne\acne-open-comedo-28.jpeg,Acne,Tinea,0.82306409
C:\Updated_Project\CroppedData\Acne\acne-open-comedo-36.jpeg,Acne,Psoriasis,0.71196127
C:\Updated_Project\CroppedData\Acne\acne-open-comedo-4.jpeg,Acne,Tinea,0.53352016
C:\Updated_Project\CroppedData\Acne\acne-open-comedo-44.jpeg,Acne,Tinea,0.59626651
C:\Updated_Project\CroppedData\Acne\acne-open-comedo-49.jpeg,Acne,Tinea,0.66615450
C:\Updated_Project\CroppedData\Acne\acne-open-comedo-60.jpeg,Acne,Tinea,0.72435325
C:\Updated_Project\CroppedData\Acne\acne-open-comedo-70.jpeg,Acne,Tinea,0.66996884
C:\Updated_Project\CroppedData\Acne\acne-pustular-32.jpeg,Acne,Psoriasis,0.87887824
C:\Updated_Project\CroppedData\Acne\acne-pustular-33.jpeg,Acne,Tinea,0.78866762
C:\Updated_Project\CroppedData\Acne\acne-pustular-38.jpeg,Acne,Psoriasis,0.58867604
C:\Updated_Project\CroppedData\Acne\acne-pustular-39.jpeg,Acne,Tinea,0.49466532
C:\Updated_Project\CroppedData\Acne\acne-pustular-45.jpeg,Acne,Psoriasis,0.43799719
C:\Updated_Project\CroppedData\Acne\acne-pustular-54.jpeg,Acne,Psoriasis,0.77882570
C:\Updated_Project\CroppedData\Acne\acne-pustular-65.jpeg,Acne,Tinea,0.61018246
C:\Updated_Project\CroppedData\Acne\acne-scar-1.jpeg,Acne,Tinea,0.61753148
C:\Updated_Project\CroppedData\Acne\Acne_4ff45cbfb7.jpg,Acne,Tinea,0.86172199
C:\Updated_Project\CroppedData\Acne\Acne_4ffe917838.jpg,Acne,Psoriasis,0.59518343
C:\Updated_Project\CroppedData\Acne\Acne_96f9fa7562.jpg,Acne,Psoriasis,0.81014818
C:\Updated_Project\CroppedData\Psoriasis\08PsoriasisGroin1.jpeg,Psoriasis,Tinea,0.59395677
C:\Updated_Project\CroppedData\Psoriasis\08PsoriasisUmbilicus.jpeg,Psoriasis,Tinea,0.51114434
C:\Updated_Project\CroppedData\Psoriasis\3560__ProtectWyJQcm90ZWN0Il0_FocusFillWzI5NCwyMjIsIngiLDE4XQ.jpeg,Psoriasis,Acne,0.70102972
C:\Updated_Project\CroppedData\Psoriasis\8Psoriasis2-219.jpeg,Psoriasis,Tinea,0.64853233
C:\Updated_Project\CroppedData\Psoriasis\facial-psoriasis-002__ProtectWyJQcm90ZWN0Il0_FocusFillWzI5NCwyMjIsIngiLDFd.jpeg,Psoriasis,Vitiligo,0.56491143
C:\Updated_Project\CroppedData\Psoriasis\facial-psoriasis-004__ProtectWyJQcm90ZWN0Il0_FocusFillWzI5NCwyMjIsIngiLDFd.jpeg,Psoriasis,Acne,0.67606109
C:\Updated_Project\CroppedData\Psoriasis\facial-psoriasis22__ProtectWyJQcm90ZWN0Il0_FocusFillWzI5NCwyMjIsIngiLDFd.jpeg,Psoriasis,Acne,0.75415796
C:\Updated_Project\CroppedData\Psoriasis\facial-psoriasis23__ProtectWyJQcm90ZWN0Il0_FocusFillWzI5NCwyMjIsIngiLDFd.jpeg,Psoriasis,Acne,0.91784328
C:\Updated_Project\CroppedData\Psoriasis\facial-psoriasis27__ProtectWyJQcm90ZWN0Il0_FocusFillWzI5NCwyMjIsIngiLDFd.jpeg,Psoriasis,Acne,0.87005991
C:\Updated_Project\CroppedData\Psoriasis\facial-psoriasis29__ProtectWyJQcm90ZWN0Il0_FocusFillWzI5NCwyMjIsIngiLDFd.jpeg,Psoriasis,Vitiligo,0.52259237
C:\Updated_Project\CroppedData\Psoriasis\Psoriasis-Anus-2.jpeg,Psoriasis,Tinea,0.63408726
C:\Updated_Project\CroppedData\Psoriasis\Psoriasis-Anus-4.jpeg,Psoriasis,Tinea,0.84798431
C:\Updated_Project\CroppedData\Psoriasis\Psoriasis-Cellulitis-2.jpeg,Psoriasis,Acne,0.83881009
C:\Updated_Project\CroppedData\Psoriasis\Psoriasis-Chronic-Plaque-181.jpeg,Psoriasis,Tinea,0.84766954
C:\Updated_Project\CroppedData\Psoriasis\Psoriasis-Chronic-Plaque-182.jpeg,Psoriasis,Tinea,0.85299236
C:\Updated_Project\CroppedData\Psoriasis\Psoriasis-Chronic-Plaque-190.jpeg,Psoriasis,Tinea,0.75136310
C:\Updated_Project\CroppedData\Psoriasis\Psoriasis-Chronic-Plaque-98.jpeg,Psoriasis,Tinea,0.46280780
C:\Updated_Project\CroppedData\Psoriasis\psoriasis-erythrodermic-13.jpeg,Psoriasis,Tinea,0.85024589
C:\Updated_Project\CroppedData\Psoriasis\psoriasis-erythrodermic-3.jpeg,Psoriasis,Tinea,0.57390821
C:\Updated_Project\CroppedData\Psoriasis\Psoriasis-Guttate-100.jpeg,Psoriasis,Acne,0.56891161
C:\Updated_Project\CroppedData\Psoriasis\Psoriasis-Guttate-101.jpeg,Psoriasis,Acne,0.69856161
C:\Updated_Project\CroppedData\Psoriasis\Psoriasis-Guttate-105.jpeg,Psoriasis,Acne,0.68896943
C:\Updated_Project\CroppedData\Psoriasis\Psoriasis-Guttate-107.jpeg,Psoriasis,Tinea,0.85316801
C:\Updated_Project\CroppedData\Psoriasis\Psoriasis-Guttate-62.jpeg,Psoriasis,Acne,0.57303220
C:\Updated_Project\CroppedData\Psoriasis\Psoriasis-Guttate-72.jpeg,Psoriasis,Tinea,0.55737609
C:\Updated_Project\CroppedData\Psoriasis\Psoriasis-Guttate-96.jpeg,Psoriasis,Acne,0.91070193
C:\Updated_Project\CroppedData\Psoriasis\Psoriasis-Hand-29.jpeg,Psoriasis,Tinea,0.47432712
C:\Updated_Project\CroppedData\Psoriasis\Psoriasis-Hand-31.jpeg,Psoriasis,Tinea,0.74077064
C:\Updated_Project\CroppedData\Psoriasis\Psoriasis-Hand-38.jpeg,Psoriasis,Tinea,0.64495909
C:\Updated_Project\CroppedData\Psoriasis\Psoriasis-Hand-49.jpeg,Psoriasis,Tinea,0.82402784
C:\Updated_Project\CroppedData\Psoriasis\Psoriasis-Hand-52.jpeg,Psoriasis,Tinea,0.50118297
C:\Updated_Project\CroppedData\Psoriasis\Psoriasis-Interferon-Injection-08230426.jpeg,Psoriasis,Tinea,0.53608245
C:\Updated_Project\CroppedData\Psoriasis\Psoriasis-inversus-10.jpeg,Psoriasis,Tinea,0.77254766
C:\Updated_Project\CroppedData\Psoriasis\Psoriasis-inversus-14.jpeg,Psoriasis,Tinea,0.68096006
C:\Updated_Project\CroppedData\Psoriasis\Psoriasis-inversus-17.jpeg,Psoriasis,Tinea,0.51946789
C:\Updated_Project\CroppedData\Psoriasis\Psoriasis-inversus-24.jpeg,Psoriasis,Tinea,0.53255409
C:\Updated_Project\CroppedData\Psoriasis\Psoriasis-inversus-32.jpeg,Psoriasis,Tinea,0.59982747
C:\Updated_Project\CroppedData\Psoriasis\Psoriasis-nails-26.jpeg,Psoriasis,Tinea,0.90436792
C:\Updated_Project\CroppedData\Psoriasis\psoriasis-palms-soles-111.jpeg,Psoriasis,Tinea,0.58523327
C:\Updated_Project\CroppedData\Psoriasis\psoriasis-palms-soles-115.jpeg,Psoriasis,Tinea,0.71358138
C:\Updated_Project\CroppedData\Psoriasis\psoriasis-palms-soles-119.jpeg,Psoriasis,Tinea,0.51687050
C:\Updated_Project\CroppedData\Psoriasis\psoriasis-palms-soles-129.jpeg,Psoriasis,Tinea,0.72049439
C:\Updated_Project\CroppedData\Psoriasis\psoriasis-palms-soles-134.jpeg,Psoriasis,Tinea,0.59902823
C:\Updated_Project\CroppedData\Psoriasis\psoriasis-palms-soles-142.jpeg,Psoriasis,Tinea,0.44273770
C:\Updated_Project\CroppedData\Psoriasis\psoriasis-palms-soles-157.jpeg,Psoriasis,Tinea,0.49893087
C:\Updated_Project\CroppedData\Psoriasis\psoriasis-palms-soles-160.jpeg,Psoriasis,Tinea,0.85605639
C:\Updated_Project\CroppedData\Psoriasis\psoriasis-palms-soles-162.jpeg,Psoriasis,Tinea,0.65669340
C:\Updated_Project\CroppedData\Psoriasis\psoriasis-palms-soles-190.jpeg,Psoriasis,Tinea,0.54253721
C:\Updated_Project\CroppedData\Psoriasis\psoriasis-palms-soles-194.jpeg,Psoriasis,Tinea,0.62051511
C:\Updated_Project\CroppedData\Psoriasis\psoriasis-palms-soles-97.jpeg,Psoriasis,Acne,0.50981420
C:\Updated_Project\CroppedData\Psoriasis\Psoriasis-penis-26.jpeg,Psoriasis,Tinea,0.54431695
C:\Updated_Project\CroppedData\Psoriasis\Psoriasis-penis-3.jpeg,Psoriasis,Tinea,0.52940917
C:\Updated_Project\CroppedData\Psoriasis\psoriasis-pustular-generalized-14.jpeg,Psoriasis,Tinea,0.89519364
C:\Updated_Project\CroppedData\Psoriasis\psoriasis-pustular-generalized-2.jpeg,Psoriasis,Tinea,0.70652217
C:\Updated_Project\CroppedData\Psoriasis\psoriasis-pustular-generalized-22.jpeg,Psoriasis,Tinea,0.50247431
C:\Updated_Project\CroppedData\Psoriasis\psoriasis-pustular-generalized-32.jpeg,Psoriasis,Tinea,0.76327401
C:\Updated_Project\CroppedData\Psoriasis\psoriasis-pustular-generalized-36.jpeg,Psoriasis,Tinea,0.60167718
C:\Updated_Project\CroppedData\Psoriasis\psoriasis-pustular-generalized-58.jpeg,Psoriasis,Tinea,0.55525231
C:\Updated_Project\CroppedData\Psoriasis\psoriasis-scalp-102.jpeg,Psoriasis,Tinea,0.66076976
C:\Updated_Project\CroppedData\Psoriasis\psoriasis-scalp-104.jpeg,Psoriasis,Acne,0.65580446
C:\Updated_Project\CroppedData\Psoriasis\psoriasis-scalp-106.jpeg,Psoriasis,Tinea,0.87839013
C:\Updated_Project\CroppedData\Psoriasis\psoriasis-scalp-2.jpeg,Psoriasis,Tinea,0.87452191
C:\Updated_Project\CroppedData\Psoriasis\psoriasis-scalp-40.jpeg,Psoriasis,Tinea,0.92359084
C:\Updated_Project\CroppedData\Psoriasis\psoriasis-scalp-45.jpeg,Psoriasis,Tinea,0.89842713
C:\Updated_Project\CroppedData\Psoriasis\psoriasis-scalp-80.jpeg,Psoriasis,Tinea,0.57916135
C:\Updated_Project\CroppedData\Psoriasis\psoriasis-scalp-91.jpeg,Psoriasis,Tinea,0.69141293
C:\Updated_Project\CroppedData\Psoriasis\Psoriasis-sunburn-1.jpeg,Psoriasis,Tinea,0.71278691
C:\Updated_Project\CroppedData\Psoriasis\Psoriasis-sunburn-4.jpeg,Psoriasis,Tinea,0.39189896
C:\Updated_Project\CroppedData\Psoriasis\Psoriasis-vulva-1.jpeg,Psoriasis,Tinea,0.59961337
C:\Updated_Project\CroppedData\Psoriasis\Psoriasis_0a4b351a3a.jpg,Psoriasis,Tinea,0.69083273
C:\Updated_Project\CroppedData\Psoriasis\Psoriasis_9ec5675e95.jpg,Psoriasis,Vitiligo,0.61352366
C:\Updated_Project\CroppedData\Psoriasis\PSO_AT_00077.jpeg,Psoriasis,Tinea,0.63004154
C:\Updated_Project\CroppedData\Psoriasis\PSO_AT_00096.jpeg,Psoriasis,Tinea,0.88731652
C:\Updated_Project\CroppedData\Psoriasis\PSO_AT_00108.jpeg,Psoriasis,Tinea,0.60348010
C:\Updated_Project\CroppedData\Psoriasis\scalp-psoriasis-0016__ProtectWyJQcm90ZWN0Il0_FocusFillWzI5NCwyMjIsInkiLDg1XQ.jpeg,Psoriasis,Vitiligo,0.85432297
C:\Updated_Project\CroppedData\Tinea\13tineaCApitis98-GP3.jpeg,Tinea,Psoriasis,0.59992689
C:\Updated_Project\CroppedData\Tinea\13TineaIncognito2.jpeg,Tinea,Psoriasis,0.81219959
C:\Updated_Project\CroppedData\Tinea\tincorp10__ProtectWyJQcm90ZWN0Il0_FocusFillWzI5NCwyMjIsInkiLDM2XQ.jpeg,Tinea,Acne,0.52988017
C:\Updated_Project\CroppedData\Tinea\tincorp13__ProtectWyJQcm90ZWN0Il0_FocusFillWzI5NCwyMjIsInkiLDM2XQ.jpeg,Tinea,Acne,0.72197181
C:\Updated_Project\CroppedData\Tinea\Tinea (10).jpg,Tinea,Vitiligo,0.71445674
C:\Updated_Project\CroppedData\Tinea\Tinea (13).jpg,Tinea,Vitiligo,0.31506199
C:\Updated_Project\CroppedData\Tinea\Tinea (2).jpg,Tinea,Psoriasis,0.66323131
C:\Updated_Project\CroppedData\Tinea\Tinea (4).jpg,Tinea,Psoriasis,0.58637071
C:\Updated_Project\CroppedData\Tinea\Tinea (5).jpg,Tinea,Acne,0.42442048
C:\Updated_Project\CroppedData\Tinea\Tinea (8).jpg,Tinea,Psoriasis,0.48370475
C:\Updated_Project\CroppedData\Tinea\tinea-beard-11.jpeg,Tinea,Acne,0.74067158
C:\Updated_Project\CroppedData\Tinea\tinea-beard-18.jpeg,Tinea,Psoriasis,0.64146489
C:\Updated_Project\CroppedData\Tinea\tinea-beard-6.jpeg,Tinea,Acne,0.48711187
C:\Updated_Project\CroppedData\Tinea\tinea-body-104.jpeg,Tinea,Psoriasis,0.74331349
C:\Updated_Project\CroppedData\Tinea\tinea-body-107.jpeg,Tinea,Psoriasis,0.59062290
C:\Updated_Project\CroppedData\Tinea\tinea-body-111.jpeg,Tinea,Psoriasis,0.51367420
C:\Updated_Project\CroppedData\Tinea\tinea-body-112.jpeg,Tinea,Psoriasis,0.77437270
C:\Updated_Project\CroppedData\Tinea\tinea-body-123.jpeg,Tinea,Psoriasis,0.62387353
C:\Updated_Project\CroppedData\Tinea\tinea-body-127.jpeg,Tinea,Psoriasis,0.72287482
C:\Updated_Project\CroppedData\Tinea\tinea-body-135.jpeg,Tinea,Psoriasis,0.79889047
C:\Updated_Project\CroppedData\Tinea\tinea-body-137.jpeg,Tinea,Psoriasis,0.54809260
C:\Updated_Project\CroppedData\Tinea\tinea-body-138.jpeg,Tinea,Psoriasis,0.89944327
C:\Updated_Project\CroppedData\Tinea\tinea-body-139.jpeg,Tinea,Psoriasis,0.80050319
C:\Updated_Project\CroppedData\Tinea\tinea-body-159.jpeg,Tinea,Psoriasis,0.77119601
C:\Updated_Project\CroppedData\Tinea\tinea-body-160.jpeg,Tinea,Psoriasis,0.62855005
C:\Updated_Project\CroppedData\Tinea\tinea-body-161.jpeg,Tinea,Psoriasis,0.51303118
C:\Updated_Project\CroppedData\Tinea\tinea-body-166.jpeg,Tinea,Psoriasis,0.69188970
C:\Updated_Project\CroppedData\Tinea\tinea-body-173.jpeg,Tinea,Psoriasis,0.70523846
C:\Updated_Project\CroppedData\Tinea\tinea-body-179.jpeg,Tinea,Psoriasis,0.76187474
C:\Updated_Project\CroppedData\Tinea\tinea-body-18.jpeg,Tinea,Psoriasis,0.73620617
C:\Updated_Project\CroppedData\Tinea\tinea-body-19.jpeg,Tinea,Psoriasis,0.47388628
C:\Updated_Project\CroppedData\Tinea\tinea-body-190.jpeg,Tinea,Psoriasis,0.94452941
C:\Updated_Project\CroppedData\Tinea\tinea-body-193.jpeg,Tinea,Psoriasis,0.64601517
C:\Updated_Project\CroppedData\Tinea\tinea-body-2.jpeg,Tinea,Psoriasis,0.75937545
C:\Updated_Project\CroppedData\Tinea\tinea-body-87.jpeg,Tinea,Psoriasis,0.86786956
C:\Updated_Project\CroppedData\Tinea\tinea-body-89.jpeg,Tinea,Psoriasis,0.50252610
C:\Updated_Project\CroppedData\Tinea\tinea-body-92.jpeg,Tinea,Psoriasis,0.97392261
C:\Updated_Project\CroppedData\Tinea\tinea-body-94.jpeg,Tinea,Psoriasis,0.56596029
C:\Updated_Project\CroppedData\Tinea\tinea-body-97.jpeg,Tinea,Acne,0.42117602
C:\Updated_Project\CroppedData\Tinea\tinea-face-1.jpeg,Tinea,Acne,0.80345064
C:\Updated_Project\CroppedData\Tinea\tinea-face-14.jpeg,Tinea,Acne,0.68756527
C:\Updated_Project\CroppedData\Tinea\tinea-face-20.jpeg,Tinea,Acne,0.68712676
C:\Updated_Project\CroppedData\Tinea\tinea-face-21.jpeg,Tinea,Acne,0.49117902
C:\Updated_Project\CroppedData\Tinea\tinea-face-24.jpeg,Tinea,Acne,0.73364127
C:\Updated_Project\CroppedData\Tinea\tinea-face-27.jpeg,Tinea,Psoriasis,0.70081371
C:\Updated_Project\CroppedData\Tinea\tinea-face-3.jpeg,Tinea,Psoriasis,0.55917889
C:\Updated_Project\CroppedData\Tinea\tinea-face-32.jpeg,Tinea,Acne,0.87109107
C:\Updated_Project\CroppedData\Tinea\tinea-face-33.jpeg,Tinea,Acne,0.65410584
C:\Updated_Project\CroppedData\Tinea\tinea-face-36.jpeg,Tinea,Psoriasis,0.69414097
C:\Updated_Project\CroppedData\Tinea\tinea-face-37.jpeg,Tinea,Acne,0.35734725
C:\Updated_Project\CroppedData\Tinea\tinea-face-42.jpeg,Tinea,Acne,0.58960825
C:\Updated_Project\CroppedData\Tinea\tinea-face-44.jpeg,Tinea,Acne,0.92384565
C:\Updated_Project\CroppedData\Tinea\tinea-face-59.jpeg,Tinea,Psoriasis,0.61042982
C:\Updated_Project\CroppedData\Tinea\tinea-face-62.jpeg,Tinea,Psoriasis,0.67338365
C:\Updated_Project\CroppedData\Tinea\tinea-face-63.jpeg,Tinea,Acne,0.68011874
C:\Updated_Project\CroppedData\Tinea\tinea-face-66.jpeg,Tinea,Psoriasis,0.52952176
C:\Updated_Project\CroppedData\Tinea\tinea-face-68.jpeg,Tinea,Acne,0.80087215
C:\Updated_Project\CroppedData\Tinea\tinea-face-69.jpeg,Tinea,Acne,0.70852488
C:\Updated_Project\CroppedData\Tinea\tinea-face-8.jpeg,Tinea,Acne,0.70156938
C:\Updated_Project\CroppedData\Tinea\tinea-foot-dorsum-1.jpeg,Tinea,Psoriasis,0.85410011
C:\Updated_Project\CroppedData\Tinea\tinea-foot-dorsum-47.jpeg,Tinea,Psoriasis,0.68320489
C:\Updated_Project\CroppedData\Tinea\tinea-foot-dorsum-48.jpeg,Tinea,Psoriasis,0.75705439
C:\Updated_Project\CroppedData\Tinea\tinea-foot-dorsum-9.jpeg,Tinea,Psoriasis,0.71192002
C:\Updated_Project\CroppedData\Tinea\tinea-foot-plantar-11.jpeg,Tinea,Psoriasis,0.75025851
C:\Updated_Project\CroppedData\Tinea\tinea-foot-plantar-16.jpeg,Tinea,Psoriasis,0.95518512
C:\Updated_Project\CroppedData\Tinea\tinea-foot-plantar-24.jpeg,Tinea,Psoriasis,0.59788561
C:\Updated_Project\CroppedData\Tinea\tinea-foot-plantar-29.jpeg,Tinea,Psoriasis,0.90440333
C:\Updated_Project\CroppedData\Tinea\tinea-foot-plantar-31.jpeg,Tinea,Psoriasis,0.82477140
C:\Updated_Project\CroppedData\Tinea\tinea-foot-plantar-35.jpeg,Tinea,Psoriasis,0.88648790
C:\Updated_Project\CroppedData\Tinea\tinea-foot-plantar-36.jpeg,Tinea,Psoriasis,0.75756747
C:\Updated_Project\CroppedData\Tinea\tinea-foot-plantar-4.jpeg,Tinea,Psoriasis,0.80968797
C:\Updated_Project\CroppedData\Tinea\tinea-foot-plantar-8.jpeg,Tinea,Psoriasis,0.72499084
C:\Updated_Project\CroppedData\Tinea\tinea-foot-webs-12.jpeg,Tinea,Psoriasis,0.62983942
C:\Updated_Project\CroppedData\Tinea\tinea-foot-webs-4.jpeg,Tinea,Psoriasis,0.86257207
C:\Updated_Project\CroppedData\Tinea\tinea-foot-webs-41.jpeg,Tinea,Psoriasis,0.88187444
C:\Updated_Project\CroppedData\Tinea\tinea-foot-webs-45.jpeg,Tinea,Psoriasis,0.60017633
C:\Updated_Project\CroppedData\Tinea\tinea-foot-webs-48.jpeg,Tinea,Psoriasis,0.92002559
C:\Updated_Project\CroppedData\Tinea\tinea-foot-webs-50.jpeg,Tinea,Psoriasis,0.56990838
C:\Updated_Project\CroppedData\Tinea\tinea-foot-webs-51.jpeg,Tinea,Psoriasis,0.64081895
C:\Updated_Project\CroppedData\Tinea\tinea-foot-webs-61.jpeg,Tinea,Psoriasis,0.51161253
C:\Updated_Project\CroppedData\Tinea\tinea-foot-webs-68.jpeg,Tinea,Psoriasis,0.55935180
C:\Updated_Project\CroppedData\Tinea\tinea-foot-webs-72.jpeg,Tinea,Psoriasis,0.64375383
C:\Updated_Project\CroppedData\Tinea\tinea-foot-webs-79.jpeg,Tinea,Psoriasis,0.56521666
C:\Updated_Project\CroppedData\Tinea\tinea-groin-114.jpeg,Tinea,Psoriasis,0.51810360
C:\Updated_Project\CroppedData\Tinea\tinea-groin-12.jpeg,Tinea,Psoriasis,0.52839601
C:\Updated_Project\CroppedData\Tinea\tinea-groin-122.jpeg,Tinea,Psoriasis,0.74984169
C:\Updated_Project\CroppedData\Tinea\tinea-groin-123.jpeg,Tinea,Psoriasis,0.62976944
C:\Updated_Project\CroppedData\Tinea\tinea-groin-36.jpeg,Tinea,Psoriasis,0.62082875
C:\Updated_Project\CroppedData\Tinea\tinea-groin-37.jpeg,Tinea,Psoriasis,0.61127394
C:\Updated_Project\CroppedData\Tinea\tinea-groin-55.jpeg,Tinea,Psoriasis,0.86652005
C:\Updated_Project\CroppedData\Tinea\tinea-groin-63.jpeg,Tinea,Acne,0.61841071
C:\Updated_Project\CroppedData\Tinea\tinea-hand-dorsum-12.jpeg,Tinea,Psoriasis,0.57589936
C:\Updated_Project\CroppedData\Tinea\tinea-hand-dorsum-21.jpeg,Tinea,Psoriasis,0.90644944
C:\Updated_Project\CroppedData\Tinea\tinea-hand-dorsum-24.jpeg,Tinea,Psoriasis,0.81498718
C:\Updated_Project\CroppedData\Tinea\tinea-hand-dorsum-41.jpeg,Tinea,Psoriasis,0.83506995
C:\Updated_Project\CroppedData\Tinea\tinea-hand-dorsum-42.jpeg,Tinea,Psoriasis,0.79381603
C:\Updated_Project\CroppedData\Tinea\tinea-hand-dorsum-58.jpeg,Tinea,Psoriasis,0.58017588
C:\Updated_Project\CroppedData\Tinea\tinea-hand-dorsum-6.jpeg,Tinea,Psoriasis,0.49610934
C:\Updated_Project\CroppedData\Tinea\tinea-hand-dorsum-62.jpeg,Tinea,Psoriasis,0.77422786
C:\Updated_Project\CroppedData\Tinea\tinea-hand-dorsum-63.jpeg,Tinea,Psoriasis,0.79748207
C:\Updated_Project\CroppedData\Tinea\tinea-incognito-2.jpeg,Tinea,Psoriasis,0.59477520
C:\Updated_Project\CroppedData\Tinea\tinea-incognito-30.jpeg,Tinea,Psoriasis,0.53547579
C:\Updated_Project\CroppedData\Tinea\tinea-incognito-36.jpeg,Tinea,Psoriasis,0.58677012
C:\Updated_Project\CroppedData\Tinea\tinea-incognito-38.jpeg,Tinea,Psoriasis,0.58844107
C:\Updated_Project\CroppedData\Tinea\tinea-incognito-61.jpeg,Tinea,Psoriasis,0.82039678
C:\Updated_Project\CroppedData\Tinea\tinea-palm-18.jpeg,Tinea,Psoriasis,0.90406311
C:\Updated_Project\CroppedData\Tinea\tinea-palm-24.jpeg,Tinea,Psoriasis,0.55746359
C:\Updated_Project\CroppedData\Tinea\tinea-palm-39.jpeg,Tinea,Psoriasis,0.50301105
C:\Updated_Project\CroppedData\Tinea\tinea-palm-6.jpeg,Tinea,Psoriasis,0.52954137
C:\Updated_Project\CroppedData\Tinea\tinea-palm-9.jpeg,Tinea,Psoriasis,0.73295635
C:\Updated_Project\CroppedData\Tinea\tinea-primary-lesion-16.jpeg,Tinea,Psoriasis,0.70819575
C:\Updated_Project\CroppedData\Tinea\tinea-primary-lesion-39.jpeg,Tinea,Acne,0.49513507
C:\Updated_Project\CroppedData\Tinea\tinea-primary-lesion-57.jpeg,Tinea,Psoriasis,0.50255650
C:\Updated_Project\CroppedData\Tinea\tinea-scalp-18.jpeg,Tinea,Psoriasis,0.53082377
C:\Updated_Project\CroppedData\Tinea\tinea-scalp-26.jpeg,Tinea,Psoriasis,0.80848777
C:\Updated_Project\CroppedData\Tinea\tinea-scalp-38.jpeg,Tinea,Psoriasis,0.45666084
C:\Updated_Project\CroppedData\Tinea\tinea-scalp-4.jpeg,Tinea,Psoriasis,0.53097367
C:\Updated_Project\CroppedData\Tinea\tinea-scalp-46.jpeg,Tinea,Psoriasis,0.72379595
C:\Updated_Project\CroppedData\Tinea\tinea-scalp-52.jpeg,Tinea,Psoriasis,0.90354085
C:\Updated_Project\CroppedData\Tinea\tinea-scalp-54.jpeg,Tinea,Psoriasis,0.61706382
C:\Updated_Project\CroppedData\Tinea\tinea-scalp-66.jpeg,Tinea,Psoriasis,0.64445674
C:\Updated_Project\CroppedData\Tinea\tinea-scalp-67.jpeg,Tinea,Vitiligo,0.76691639
C:\Updated_Project\CroppedData\Tinea\tinea-scalp-70.jpeg,Tinea,Vitiligo,0.70101303
C:\Updated_Project\CroppedData\Tinea\tinea-versicolor-105.jpeg,Tinea,Psoriasis,0.49748895
C:\Updated_Project\CroppedData\Tinea\tinea-versicolor-106.jpeg,Tinea,Psoriasis,0.52318776
C:\Updated_Project\CroppedData\Tinea\tinea-versicolor-119.jpeg,Tinea,Psoriasis,0.52420521
C:\Updated_Project\CroppedData\Tinea\tinea-versicolor-122.jpeg,Tinea,Vitiligo,0.45702159
C:\Updated_Project\CroppedData\Tinea\tinea-versicolor-148.jpeg,Tinea,Vitiligo,0.40597090
C:\Updated_Project\CroppedData\Tinea\tinea-versicolor-152.jpeg,Tinea,Psoriasis,0.82729012
C:\Updated_Project\CroppedData\Tinea\tinea-versicolor-161.jpeg,Tinea,Psoriasis,0.62271518
C:\Updated_Project\CroppedData\Tinea\tinea-versicolor-163.jpeg,Tinea,Psoriasis,0.49613318
C:\Updated_Project\CroppedData\Tinea\tinea-versicolor-166.jpeg,Tinea,Psoriasis,0.65317786
C:\Updated_Project\CroppedData\Tinea\tinea-versicolor-169.jpeg,Tinea,Psoriasis,0.68871397
C:\Updated_Project\CroppedData\Tinea\tinea-versicolor-176.jpeg,Tinea,Psoriasis,0.72142196
C:\Updated_Project\CroppedData\Tinea\tinea-versicolor-178.jpeg,Tinea,Vitiligo,0.44032168
C:\Updated_Project\CroppedData\Tinea\tinea-versicolor-179.jpeg,Tinea,Psoriasis,0.40236598
C:\Updated_Project\CroppedData\Tinea\tinea-versicolor-184.jpeg,Tinea,Acne,0.61217445
C:\Updated_Project\CroppedData\Tinea\tinea-versicolor-191.jpeg,Tinea,Acne,0.59749329
C:\Updated_Project\CroppedData\Tinea\tinea-versicolor-193.jpeg,Tinea,Acne,0.74838215
C:\Updated_Project\CroppedData\Tinea\tinea-versicolor-194.jpeg,Tinea,Psoriasis,0.73595929
C:\Updated_Project\CroppedData\Tinea\tinea-versicolor-80.jpeg,Tinea,Psoriasis,0.69221419
C:\Updated_Project\CroppedData\Tinea\tinea-versicolor-94.jpeg,Tinea,Psoriasis,0.90949947
C:\Updated_Project\CroppedData\Tinea\tinea-versicolor-95.jpeg,Tinea,Psoriasis,0.63279152
C:\Updated_Project\CroppedData\Tinea\Tinea_61af4d54c1.jpg,Tinea,Psoriasis,0.67338771
C:\Updated_Project\CroppedData\Tinea\Tinea_a851adf5a4.jpg,Tinea,Psoriasis,0.58636105
C:\Updated_Project\CroppedData\Tinea\tinped20__ProtectWyJQcm90ZWN0Il0_FocusFillWzI5NCwyMjIsInkiLDdd.jpeg,Tinea,Vitiligo,0.85539401
C:\Updated_Project\CroppedData\Tinea\tinped21__ProtectWyJQcm90ZWN0Il0_FocusFillWzI5NCwyMjIsInkiLDdd.jpeg,Tinea,Acne,0.48870128
C:\Updated_Project\CroppedData\Vitiligo\Image112.jpeg,Vitiligo,Psoriasis,0.47854125
C:\Updated_Project\CroppedData\Vitiligo\Image114.jpeg,Vitiligo,Tinea,0.71629477
C:\Updated_Project\CroppedData\Vitiligo\Image119.jpeg,Vitiligo,Psoriasis,0.75406218
C:\Updated_Project\CroppedData\Vitiligo\Image121.jpeg,Vitiligo,Acne,0.45710915
C:\Updated_Project\CroppedData\Vitiligo\Image123.jpeg,Vitiligo,Acne,0.50875676
C:\Updated_Project\CroppedData\Vitiligo\Image124.jpeg,Vitiligo,Psoriasis,0.59694773
C:\Updated_Project\CroppedData\Vitiligo\Image125.jpeg,Vitiligo,Tinea,0.58764648
C:\Updated_Project\CroppedData\Vitiligo\Image130.jpeg,Vitiligo,Psoriasis,0.71678603
C:\Updated_Project\CroppedData\Vitiligo\Image141.jpeg,Vitiligo,Psoriasis,0.56928390
C:\Updated_Project\CroppedData\Vitiligo\Image167.jpeg,Vitiligo,Acne,0.64272052
C:\Updated_Project\CroppedData\Vitiligo\Image197.jpeg,Vitiligo,Acne,0.56946599
C:\Updated_Project\CroppedData\Vitiligo\Image199.jpeg,Vitiligo,Acne,0.67734092
C:\Updated_Project\CroppedData\Vitiligo\Image209.jpeg,Vitiligo,Tinea,0.57786959
C:\Updated_Project\CroppedData\Vitiligo\Image228.jpeg,Vitiligo,Psoriasis,0.52808970
C:\Updated_Project\CroppedData\Vitiligo\Image270.jpeg,Vitiligo,Psoriasis,0.75630039
C:\Updated_Project\CroppedData\Vitiligo\Image272.jpeg,Vitiligo,Psoriasis,0.84735745
C:\Updated_Project\CroppedData\Vitiligo\Image302.jpeg,Vitiligo,Psoriasis,0.50618529
C:\Updated_Project\CroppedData\Vitiligo\Image321.jpeg,Vitiligo,Psoriasis,0.72690541
C:\Updated_Project\CroppedData\Vitiligo\Image334.jpeg,Vitiligo,Acne,0.87391990
C:\Updated_Project\CroppedData\Vitiligo\Image348.jpeg,Vitiligo,Tinea,0.52063149
C:\Updated_Project\CroppedData\Vitiligo\Image362.jpeg,Vitiligo,Psoriasis,0.78064775
C:\Updated_Project\CroppedData\Vitiligo\Image408.jpeg,Vitiligo,Acne,0.68816662
C:\Updated_Project\CroppedData\Vitiligo\Image423.jpeg,Vitiligo,Acne,0.63602144
C:\Updated_Project\CroppedData\Vitiligo\Image444.jpeg,Vitiligo,Tinea,0.54285830
C:\Updated_Project\CroppedData\Vitiligo\Image538.jpeg,Vitiligo,Acne,0.73092502
C:\Updated_Project\CroppedData\Vitiligo\Image543.jpeg,Vitiligo,Psoriasis,0.30844057
C:\Updated_Project\CroppedData\Vitiligo\Image544.jpeg,Vitiligo,Psoriasis,0.61498147
C:\Updated_Project\CroppedData\Vitiligo\Image545.jpeg,Vitiligo,Tinea,0.62012529
C:\Updated_Project\CroppedData\Vitiligo\Image547.jpeg,Vitiligo,Tinea,0.48604557
C:\Updated_Project\CroppedData\Vitiligo\Image556.jpeg,Vitiligo,Tinea,0.68922329
C:\Updated_Project\CroppedData\Vitiligo\Image557.jpeg,Vitiligo,Psoriasis,0.70723045
C:\Updated_Project\CroppedData\Vitiligo\Image561.jpeg,Vitiligo,Psoriasis,0.90798485
C:\Updated_Project\CroppedData\Vitiligo\Image565.jpeg,Vitiligo,Acne,0.65289348
C:\Updated_Project\CroppedData\Vitiligo\Image566.jpeg,Vitiligo,Psoriasis,0.41687360
C:\Updated_Project\CroppedData\Vitiligo\Image568.jpeg,Vitiligo,Psoriasis,0.96766704
C:\Updated_Project\CroppedData\Vitiligo\Image570.jpeg,Vitiligo,Acne,0.39807007
C:\Updated_Project\CroppedData\Vitiligo\Image572.jpeg,Vitiligo,Psoriasis,0.66358542
C:\Updated_Project\CroppedData\Vitiligo\Image573.jpeg,Vitiligo,Psoriasis,0.81441146
C:\Updated_Project\CroppedData\Vitiligo\Image577.jpeg,Vitiligo,Tinea,0.73321527
C:\Updated_Project\CroppedData\Vitiligo\Image578.jpeg,Vitiligo,Tinea,0.71024859
C:\Updated_Project\CroppedData\Vitiligo\Image582.jpeg,Vitiligo,Tinea,0.84766269
C:\Updated_Project\CroppedData\Vitiligo\Image583.jpeg,Vitiligo,Tinea,0.86831743
C:\Updated_Project\CroppedData\Vitiligo\Image584.jpeg,Vitiligo,Psoriasis,0.66410083
C:\Updated_Project\CroppedData\Vitiligo\Image588.jpeg,Vitiligo,Psoriasis,0.76317286
C:\Updated_Project\CroppedData\Vitiligo\Image590.jpeg,Vitiligo,Acne,0.49975118
C:\Updated_Project\CroppedData\Vitiligo\Image591.jpeg,Vitiligo,Tinea,0.47357565
C:\Updated_Project\CroppedData\Vitiligo\Image592.jpeg,Vitiligo,Acne,0.51309979
C:\Updated_Project\CroppedData\Vitiligo\Image595.jpeg,Vitiligo,Psoriasis,0.48567867
C:\Updated_Project\CroppedData\Vitiligo\Image598.jpeg,Vitiligo,Psoriasis,0.81152546
C:\Updated_Project\CroppedData\Vitiligo\Image600.jpeg,Vitiligo,Psoriasis,0.70735884
C:\Updated_Project\CroppedData\Vitiligo\Image604.jpeg,Vitiligo,Psoriasis,0.82098794
C:\Updated_Project\CroppedData\Vitiligo\Image605.jpeg,Vitiligo,Tinea,0.43421641
C:\Updated_Project\CroppedData\Vitiligo\Image607.jpeg,Vitiligo,Tinea,0.49163216
C:\Updated_Project\CroppedData\Vitiligo\Image609.jpeg,Vitiligo,Psoriasis,0.67606115
C:\Updated_Project\CroppedData\Vitiligo\Image610.jpeg,Vitiligo,Tinea,0.92964333
C:\Updated_Project\CroppedData\Vitiligo\Image615.jpeg,Vitiligo,Psoriasis,0.43451959
C:\Updated_Project\CroppedData\Vitiligo\Image620.jpeg,Vitiligo,Tinea,0.54618627
C:\Updated_Project\CroppedData\Vitiligo\Image622.jpeg,Vitiligo,Acne,0.69462073
C:\Updated_Project\CroppedData\Vitiligo\Image623.jpeg,Vitiligo,Psoriasis,0.74363542
C:\Updated_Project\CroppedData\Vitiligo\Image629.jpeg,Vitiligo,Tinea,0.66648966
C:\Updated_Project\CroppedData\Vitiligo\Image631.jpeg,Vitiligo,Psoriasis,0.59729004
C:\Updated_Project\CroppedData\Vitiligo\Image633.jpeg,Vitiligo,Tinea,0.65344507
C:\Updated_Project\CroppedData\Vitiligo\Image635.jpeg,Vitiligo,Psoriasis,0.65420228
C:\Updated_Project\CroppedData\Vitiligo\Image638.jpeg,Vitiligo,Psoriasis,0.76682544
C:\Updated_Project\CroppedData\Vitiligo\Image640.jpeg,Vitiligo,Psoriasis,0.66270232
C:\Updated_Project\CroppedData\Vitiligo\Image642.jpeg,Vitiligo,Tinea,0.79241604
C:\Updated_Project\CroppedData\Vitiligo\Image644.jpeg,Vitiligo,Psoriasis,0.86684960
C:\Updated_Project\CroppedData\Vitiligo\Image650.jpeg,Vitiligo,Tinea,0.54815358
C:\Updated_Project\CroppedData\Vitiligo\Image655.jpeg,Vitiligo,Acne,0.62253261
C:\Updated_Project\CroppedData\Vitiligo\Image659.jpeg,Vitiligo,Psoriasis,0.37764955
C:\Updated_Project\CroppedData\Vitiligo\Image660.jpeg,Vitiligo,Psoriasis,0.61789244
C:\Updated_Project\CroppedData\Vitiligo\Image662.jpeg,Vitiligo,Psoriasis,0.69076502
C:\Updated_Project\CroppedData\Vitiligo\Image664.jpeg,Vitiligo,Psoriasis,0.58328396
C:\Updated_Project\CroppedData\Vitiligo\Image665.jpeg,Vitiligo,Psoriasis,0.91919410
C:\Updated_Project\CroppedData\Vitiligo\Image667.jpeg,Vitiligo,Psoriasis,0.44829658
C:\Updated_Project\CroppedData\Vitiligo\Image672.jpeg,Vitiligo,Psoriasis,0.50616878
C:\Updated_Project\CroppedData\Vitiligo\Image673.jpeg,Vitiligo,Tinea,0.41456464
C:\Updated_Project\CroppedData\Vitiligo\Image676.jpeg,Vitiligo,Psoriasis,0.87312293
C:\Updated_Project\CroppedData\Vitiligo\Image678.jpeg,Vitiligo,Acne,0.53529608
C:\Updated_Project\CroppedData\Vitiligo\Image679.jpeg,Vitiligo,Acne,0.45340115
C:\Updated_Project\CroppedData\Vitiligo\Image680.jpeg,Vitiligo,Tinea,0.36646584
C:\Updated_Project\CroppedData\Vitiligo\Image684.jpeg,Vitiligo,Tinea,0.96428782
C:\Updated_Project\CroppedData\Vitiligo\Image688.jpeg,Vitiligo,Tinea,0.47883198
C:\Updated_Project\CroppedData\Vitiligo\Image689.jpeg,Vitiligo,Psoriasis,0.58398837
C:\Updated_Project\CroppedData\Vitiligo\Image693.jpeg,Vitiligo,Tinea,0.70443672
C:\Updated_Project\CroppedData\Vitiligo\Vitiligo_63833e0688.jpg,Vitiligo,Tinea,0.44109407
C:\Updated_Project\CroppedData\Vitiligo\Vitiligo_d0c1fe9356.jpg,Vitiligo,Psoriasis,0.94295663
