07Acne081101.jpeg	Acne	78.68	ML
07AcnePittedScars.jpeg	Tinea	59.24	ML
141__ProtectWyJQcm90ZWN0Il0_FocusFillWzI5NCwyMjIsIngiLDFd.jpeg	Acne	67.85	ML
143__ProtectWyJQcm90ZWN0Il0_FocusFillWzI5NCwyMjIsIngiLDFd.jpeg	Acne	77.73	ML
146__ProtectWyJQcm90ZWN0Il0_FocusFillWzI5NCwyMjIsIngiLDEwXQ.jpeg	Acne	74.5	ML
149__ProtectWyJQcm90ZWN0Il0_FocusFillWzI5NCwyMjIsIngiLDFd.jpeg	Acne	65.95	ML
152__ProtectWyJQcm90ZWN0Il0_FocusFillWzI5NCwyMjIsIngiLDFd.jpeg	Acne	65.54	ML
154__ProtectWyJQcm90ZWN0Il0_FocusFillWzI5NCwyMjIsIngiLDFd.jpeg	Acne	78.91	ML
160__ProtectWyJQcm90ZWN0Il0_FocusFillWzI5NCwyMjIsIngiLDFd.jpeg	Acne	64.26	ML
165__ProtectWyJQcm90ZWN0Il0_FocusFillWzI5NCwyMjIsIngiLDFd.jpeg	Acne	61.46	ML
166__ProtectWyJQcm90ZWN0Il0_FocusFillWzI5NCwyMjIsIngiLDFd.jpeg	Acne	70.98	ML
172__ProtectWyJQcm90ZWN0Il0_FocusFillWzI5NCwyMjIsIngiLDFd.jpeg	Acne	76.57	ML
173__ProtectWyJQcm90ZWN0Il0_FocusFillWzI5NCwyMjIsInkiLDg1XQ.jpeg	Acne	59.13	ML
177__ProtectWyJQcm90ZWN0Il0_FocusFillWzI5NCwyMjIsIngiLDFd.jpeg	Acne	71.72	ML
178__ProtectWyJQcm90ZWN0Il0_FocusFillWzI5NCwyMjIsIngiLDFd.jpeg	Acne	78.51	ML
179__ProtectWyJQcm90ZWN0Il0_FocusFillWzI5NCwyMjIsIngiLDFd.jpeg	Acne	68.39	ML
181__ProtectWyJQcm90ZWN0Il0_FocusFillWzI5NCwyMjIsIngiLDFd.jpeg	Acne	67.31	ML
182__ProtectWyJQcm90ZWN0Il0_FocusFillWzI5NCwyMjIsIngiLDFd.jpeg	Acne	79.66	ML
184__ProtectWyJQcm90ZWN0Il0_FocusFillWzI5NCwyMjIsIngiLDFd.jpeg	Acne	77.32	ML
185__ProtectWyJQcm90ZWN0Il0_FocusFillWzI5NCwyMjIsIngiLDFd.jpeg	Acne	74.44	ML
189__ProtectWyJQcm90ZWN0Il0_FocusFillWzI5NCwyMjIsIngiLDFd.jpeg	Acne	60.16	ML
190__ProtectWyJQcm90ZWN0Il0_FocusFillWzI5NCwyMjIsIngiLDFd.jpeg	Acne	56.3	ML
192__ProtectWyJQcm90ZWN0Il0_FocusFillWzI5NCwyMjIsInkiLDg1XQ.jpeg	Acne	76.66	ML
193__ProtectWyJQcm90ZWN0Il0_FocusFillWzI5NCwyMjIsIngiLDFd.jpeg	Acne	77.63	ML
194__ProtectWyJQcm90ZWN0Il0_FocusFillWzI5NCwyMjIsIngiLDFd.jpeg	Acne	77.32	ML
acne-077-v2__ProtectWyJQcm90ZWN0Il0_FocusFillWzI5NCwyMjIsIngiLDFd.jpeg	Acne	73.1	ML
acne-089-v2__ProtectWyJQcm90ZWN0Il0_FocusFillWzI5NCwyMjIsIngiLDFd.jpeg	Acne	57.03	ML
acne-187-v2__ProtectWyJQcm90ZWN0Il0_FocusFillWzI5NCwyMjIsIngiLDFd.jpeg	Acne	72.36	ML
acne-205-v2__ProtectWyJQcm90ZWN0Il0_FocusFillWzI5NCwyMjIsIngiLDFd.jpeg	Acne	67.29	ML
acne-268-v2__ProtectWyJQcm90ZWN0Il0_FocusFillWzI5NCwyMjIsIngiLDFd.jpeg	Acne	76.01	ML
acne-closed-comedo-003.jpeg	Acne	73.62	ML
acne-closed-comedo-11.jpeg	Tinea	35.34	ML
acne-closed-comedo-12.jpeg	Acne	56.73	ML
acne-closed-comedo-13.jpeg	Acne	32.85	ML
acne-closed-comedo-14.jpeg	Tinea	59.2	ML
acne-closed-comedo-15.jpeg	Acne	66.61	ML
acne-closed-comedo-19.jpeg	Acne	74.6	ML
acne-closed-comedo-2.jpeg	Acne	67.44	ML
acne-closed-comedo-24.jpeg	Tinea	55.97	ML
acne-closed-comedo-25.jpeg	Tinea	53.04	ML
acne-closed-comedo-26.jpeg	Tinea	52.47	ML
acne-closed-comedo-29.jpeg	Acne	65.27	ML
acne-closed-comedo-3.jpeg	Acne	71.36	ML
acne-closed-comedo-34.jpeg	Acne	77.32	ML
acne-closed-comedo-36.jpeg	Tinea	49.25	ML
acne-closed-comedo-38.jpeg	Acne	69.59	ML
acne-closed-comedo-40.jpeg	Acne	70.31	ML
acne-closed-comedo-5.jpeg	Acne	43.35	ML
acne-closed-comedo-6.jpeg	Acne	52.35	ML
acne-closed-comedo-9.jpeg	Acne	46.16	ML
acne-cystic-100.jpeg	Acne	70.5	ML
acne-cystic-102.jpeg	Acne	76.45	ML
acne-cystic-103.jpeg	Acne	72.7	ML
acne-cystic-106.jpeg	Acne	63.2	ML
acne-cystic-109.jpeg	Acne	64.27	ML
acne-cystic-110.jpeg	Acne	65.95	ML
acne-cystic-112.jpeg	Acne	59.46	ML
acne-cystic-113.jpeg	Acne	43.29	ML
acne-cystic-114.jpeg	Acne	75.86	ML
acne-cystic-115.jpeg	Acne	64.03	ML
acne-cystic-116.jpeg	Acne	72.09	ML
acne-cystic-117.jpeg	Psoriasis	53.1	ML
acne-cystic-118.jpeg	Acne	75.73	ML
acne-cystic-119.jpeg	Acne	75.15	ML
acne-cystic-120.jpeg	Acne	75.93	ML
acne-cystic-123.jpeg	Acne	79.65	ML
acne-cystic-125.jpeg	Acne	80.66	ML
acne-cystic-126.jpeg	Acne	79.48	ML
acne-cystic-127.jpeg	Acne	67.67	ML
acne-cystic-129.jpeg	Acne	77.01	ML
acne-cystic-13.jpeg	Acne	79.37	ML
acne-cystic-130.jpeg	Acne	75.94	ML
acne-cystic-131.jpeg	Tinea	37.14	ML
acne-cystic-132.jpeg	Acne	57.11	ML
acne-cystic-134.jpeg	Acne	70.59	ML
acne-cystic-136.jpeg	Acne	77.55	ML
acne-cystic-137.jpeg	Acne	50.2	ML
acne-cystic-14.jpeg	Acne	77.97	ML
acne-cystic-140.jpeg	Acne	50.05	ML
acne-cystic-141.jpeg	Acne	63.7	ML
acne-cystic-142.jpeg	Acne	41.27	ML
acne-cystic-143.jpeg	Acne	73.84	ML
acne-cystic-144.jpeg	Acne	60.16	ML
acne-cystic-145.jpeg	Acne	65.89	ML
acne-cystic-146.jpeg	Acne	68.14	ML
acne-cystic-147.jpeg	Psoriasis	34.53	ML
acne-cystic-148.jpeg	Acne	71.4	ML
acne-cystic-149.jpeg	Acne	70.95	ML
acne-cystic-15.jpeg	Acne	78.55	ML
acne-cystic-150.jpeg	Acne	73.55	ML
acne-cystic-151.jpeg	Acne	62.82	ML
acne-cystic-17.jpeg	Acne	75.53	ML
acne-cystic-18.jpeg	Acne	60.36	ML
acne-cystic-19.jpeg	Acne	79.71	ML
acne-cystic-21.jpeg	Acne	78.11	ML
acne-cystic-24.jpeg	Acne	79.14	ML
acne-cystic-26.jpeg	Acne	62.02	ML
acne-cystic-27.jpeg	Acne	52.86	ML
acne-cystic-28.jpeg	Acne	75.54	ML
acne-cystic-29.jpeg	Psoriasis	41.81	ML
acne-cystic-30.jpeg	Acne	78.39	ML
acne-cystic-31.jpeg	Acne	73.05	ML
acne-cystic-32.jpeg	Acne	78.71	ML
acne-cystic-33.jpeg	Acne	77.71	ML
acne-cystic-34.jpeg	Acne	79.15	ML
acne-cystic-37.jpeg	Acne	75.13	ML
acne-cystic-38.jpeg	Acne	64.27	ML
acne-cystic-39.jpeg	Acne	76.64	ML
acne-cystic-4.jpeg	Acne	77.44	ML
acne-cystic-40.jpeg	Acne	66.14	ML
acne-cystic-42.jpeg	Acne	53.92	ML
acne-cystic-47.jpeg	Acne	49.35	ML
acne-cystic-48.jpeg	Acne	47.06	ML
acne-cystic-49.jpeg	Acne	42.6	ML
acne-cystic-5.jpeg	Acne	70.75	ML
acne-cystic-51.jpeg	Acne	76.8	ML
acne-cystic-52.jpeg	Acne	77.0	ML
acne-cystic-53.jpeg	Acne	64.86	ML
acne-cystic-54.jpeg	Acne	69.14	ML
acne-cystic-55.jpeg	Acne	73.31	ML
acne-cystic-57.jpeg	Acne	56.95	ML
acne-cystic-59.jpeg	Acne	78.49	ML
acne-cystic-6.jpeg	Acne	55.41	ML
acne-cystic-60.jpeg	Acne	78.23	ML
acne-cystic-85.jpeg	Acne	53.4	ML
acne-cystic-86.jpeg	Acne	76.76	ML
acne-cystic-89.jpeg	Acne	78.45	ML
acne-cystic-90.jpeg	Acne	54.47	ML
acne-cystic-93.jpeg	Acne	76.72	ML
acne-cystic-94.jpeg	Acne	59.56	ML
acne-cystic-95.jpeg	Acne	78.55	ML
acne-cystic-97.jpeg	Acne	79.31	ML
acne-cystic-98.jpeg	Acne	52.04	ML
acne-cystic-99.jpeg	Acne	48.61	ML
acne-excoriated-1.jpeg	Acne	76.08	ML
acne-excoriated-10.jpeg	Acne	67.06	ML
acne-excoriated-11.jpeg	Acne	53.11	ML
acne-excoriated-12.jpeg	Acne	68.58	ML
acne-excoriated-14.jpeg	Acne	56.37	ML
acne-excoriated-16.jpeg	Acne	62.41	ML
acne-excoriated-19.jpeg	Vitiligo	36.83	ML
acne-excoriated-20.jpeg	Acne	62.48	ML
acne-excoriated-21.jpeg	Acne	52.88	ML
acne-excoriated-23.jpeg	Acne	57.72	ML
acne-excoriated-24.jpeg	Acne	67.13	ML
acne-excoriated-25.jpeg	Acne	76.82	ML
acne-excoriated-26.jpeg	Acne	74.57	ML
acne-excoriated-27.jpeg	Acne	76.73	ML
acne-excoriated-28.jpeg	Acne	78.01	ML
acne-excoriated-29.jpeg	Acne	73.42	ML
acne-excoriated-3.jpeg	Acne	78.96	ML
acne-excoriated-30.jpeg	Acne	74.3	ML
acne-excoriated-4.jpeg	Acne	54.63	ML
acne-excoriated-5.jpeg	Acne	61.4	ML
acne-excoriated-6.jpeg	Tinea	46.07	ML
acne-excoriated-8.jpeg	Acne	73.27	ML
acne-face-1-10__ProtectWyJQcm90ZWN0Il0_FocusFillWzI5NCwyMjIsIngiLDFd.jpeg	Acne	79.75	ML
acne-face-1-11__ProtectWyJQcm90ZWN0Il0_FocusFillWzI5NCwyMjIsIngiLDE4XQ.jpeg	Acne	77.36	ML
acne-face-1-14__ProtectWyJQcm90ZWN0Il0_FocusFillWzI5NCwyMjIsIngiLDE4XQ.jpeg	Acne	80.15	ML
acne-face-1-16__ProtectWyJQcm90ZWN0Il0_FocusFillWzI5NCwyMjIsInkiLDg1XQ.jpeg	Acne	79.51	ML
acne-face-1-17__ProtectWyJQcm90ZWN0Il0_FocusFillWzI5NCwyMjIsIngiLDFd.jpeg	Acne	73.03	ML
acne-face-1-1__ProtectWyJQcm90ZWN0Il0_FocusFillWzI5NCwyMjIsInkiLDg1XQ.jpeg	Acne	78.38	ML
acne-face-1-22__ProtectWyJQcm90ZWN0Il0_FocusFillWzI5NCwyMjIsIngiLDFd.jpeg	Acne	76.53	ML
acne-face-1-23__ProtectWyJQcm90ZWN0Il0_FocusFillWzI5NCwyMjIsInkiLDg1XQ.jpeg	Acne	71.2	ML
acne-face-1-24__ProtectWyJQcm90ZWN0Il0_FocusFillWzI5NCwyMjIsIngiLDFd.jpeg	Acne	69.12	ML
acne-face-1-26__ProtectWyJQcm90ZWN0Il0_FocusFillWzI5NCwyMjIsIngiLDFd.jpeg	Acne	78.6	ML
acne-face-1-27__ProtectWyJQcm90ZWN0Il0_FocusFillWzI5NCwyMjIsIngiLDFd.jpeg	Acne	77.85	ML
acne-face-1-28__ProtectWyJQcm90ZWN0Il0_FocusFillWzI5NCwyMjIsIngiLDFd.jpeg	Acne	77.44	ML
acne-face-1-28__WatermarkedWyJXYXRlcm1hcmtlZCJd (1).jpeg	Acne	76.62	ML
acne-face-1-30__ProtectWyJQcm90ZWN0Il0_FocusFillWzI5NCwyMjIsIngiLDFd.jpeg	Acne	78.61	ML
acne-face-1-31__ProtectWyJQcm90ZWN0Il0_FocusFillWzI5NCwyMjIsIngiLDFd.jpeg	Acne	80.44	ML
acne-face-1-33__ProtectWyJQcm90ZWN0Il0_FocusFillWzI5NCwyMjIsIngiLDFd.jpeg	Acne	67.68	ML
acne-face-1-35__ProtectWyJQcm90ZWN0Il0_FocusFillWzI5NCwyMjIsIngiLDFd.jpeg	Acne	72.05	ML
acne-face-1-37__ProtectWyJQcm90ZWN0Il0_FocusFillWzI5NCwyMjIsIngiLDFd.jpeg	Acne	65.69	ML
acne-face-1-38__ProtectWyJQcm90ZWN0Il0_FocusFillWzI5NCwyMjIsIngiLDFd.jpeg	Acne	68.58	ML
acne-face-1-39__ProtectWyJQcm90ZWN0Il0_FocusFillWzI5NCwyMjIsInkiLDg1XQ.jpeg	Acne	78.8	ML
acne-face-1-42__ProtectWyJQcm90ZWN0Il0_FocusFillWzI5NCwyMjIsIngiLDFd.jpeg	Acne	40.75	ML
acne-face-1-43__ProtectWyJQcm90ZWN0Il0_FocusFillWzI5NCwyMjIsIngiLDFd.jpeg	Acne	80.04	ML
acne-face-1-46__ProtectWyJQcm90ZWN0Il0_FocusFillWzI5NCwyMjIsIngiLDFd.jpeg	Acne	76.8	ML
acne-face-1-47__ProtectWyJQcm90ZWN0Il0_FocusFillWzI5NCwyMjIsIngiLDFd.jpeg	Acne	79.78	ML
acne-face-1-48__ProtectWyJQcm90ZWN0Il0_FocusFillWzI5NCwyMjIsIngiLDFd.jpeg	Acne	71.23	ML
acne-face-1-50__ProtectWyJQcm90ZWN0Il0_FocusFillWzI5NCwyMjIsIngiLDFd.jpeg	Acne	77.75	ML
acne-face-1-52__ProtectWyJQcm90ZWN0Il0_FocusFillWzI5NCwyMjIsIngiLDFd.jpeg	Acne	73.14	ML
acne-face-1-5__ProtectWyJQcm90ZWN0Il0_FocusFillWzI5NCwyMjIsIngiLDFd.jpeg	Acne	69.13	ML
acne-face-1-6__ProtectWyJQcm90ZWN0Il0_FocusFillWzI5NCwyMjIsIngiLDFd.jpeg	Acne	74.42	ML
acne-face-1-7__ProtectWyJQcm90ZWN0Il0_FocusFillWzI5NCwyMjIsIngiLDFd.jpeg	Acne	63.22	ML
acne-face-1-9__ProtectWyJQcm90ZWN0Il0_FocusFillWzI5NCwyMjIsIngiLDE4XQ.jpeg	Acne	76.79	ML
acne-face-10__ProtectWyJQcm90ZWN0Il0_FocusFillWzI5NCwyMjIsIngiLDFd.jpeg	Acne	73.76	ML
acne-face-11-1__ProtectWyJQcm90ZWN0Il0_FocusFillWzI5NCwyMjIsIngiLDFd.jpeg	Acne	79.08	ML
acne-face-11__ProtectWyJQcm90ZWN0Il0_FocusFillWzI5NCwyMjIsIngiLDFd.jpeg	Acne	78.7	ML
acne-face-12-1__ProtectWyJQcm90ZWN0Il0_FocusFillWzI5NCwyMjIsInkiLDg1XQ.jpeg	Acne	80.82	ML
acne-face-12__ProtectWyJQcm90ZWN0Il0_FocusFillWzI5NCwyMjIsIngiLDFd.jpeg	Acne	78.15	ML
acne-face-13-1__ProtectWyJQcm90ZWN0Il0_FocusFillWzI5NCwyMjIsIngiLDFd.jpeg	Acne	78.67	ML
acne-face-13__ProtectWyJQcm90ZWN0Il0_FocusFillWzI5NCwyMjIsIngiLDFd.jpeg	Acne	74.05	ML
acne-face-14-1__ProtectWyJQcm90ZWN0Il0_FocusFillWzI5NCwyMjIsIngiLDFd.jpeg	Acne	78.98	ML
acne-face-15-1__ProtectWyJQcm90ZWN0Il0_FocusFillWzI5NCwyMjIsIngiLDFd.jpeg	Acne	73.14	ML
acne-face-15__ProtectWyJQcm90ZWN0Il0_FocusFillWzI5NCwyMjIsIngiLDFd.jpeg	Acne	74.51	ML
acne-face-16-1__ProtectWyJQcm90ZWN0Il0_FocusFillWzI5NCwyMjIsInkiLDg1XQ.jpeg	Acne	78.06	ML
acne-face-16__ProtectWyJQcm90ZWN0Il0_FocusFillWzI5NCwyMjIsIngiLDFd.jpeg	Acne	72.48	ML
acne-face-17-1__ProtectWyJQcm90ZWN0Il0_FocusFillWzI5NCwyMjIsIngiLDFd.jpeg	Acne	77.53	ML
acne-face-17__ProtectWyJQcm90ZWN0Il0_FocusFillWzI5NCwyMjIsIngiLDE4XQ.jpeg	Acne	77.54	ML
acne-face-18__ProtectWyJQcm90ZWN0Il0_FocusFillWzI5NCwyMjIsIngiLDE4XQ.jpeg	Acne	81.42	ML
acne-face-19-1__ProtectWyJQcm90ZWN0Il0_FocusFillWzI5NCwyMjIsIngiLDFd.jpeg	Acne	78.5	ML
acne-face-19__ProtectWyJQcm90ZWN0Il0_FocusFillWzI5NCwyMjIsIngiLDE4XQ.jpeg	Acne	78.51	ML
acne-face-2-10__ProtectWyJQcm90ZWN0Il0_FocusFillWzI5NCwyMjIsIngiLDFd.jpeg	Psoriasis	43.45	ML
acne-face-2-11__ProtectWyJQcm90ZWN0Il0_FocusFillWzI5NCwyMjIsIngiLDFd.jpeg	Acne	79.01	ML
acne-face-2-12__ProtectWyJQcm90ZWN0Il0_FocusFillWzI5NCwyMjIsIngiLDFd.jpeg	Acne	78.78	ML
acne-face-2-13__ProtectWyJQcm90ZWN0Il0_FocusFillWzI5NCwyMjIsIngiLDFd.jpeg	Acne	67.11	ML
acne-face-2-16__ProtectWyJQcm90ZWN0Il0_FocusFillWzI5NCwyMjIsInkiLDg1XQ.jpeg	Acne	79.49	ML
acne-face-2-17__ProtectWyJQcm90ZWN0Il0_FocusFillWzI5NCwyMjIsIngiLDFd.jpeg	Acne	70.38	ML
acne-face-2-18__ProtectWyJQcm90ZWN0Il0_FocusFillWzI5NCwyMjIsInkiLDEyXQ.jpeg	Acne	78.07	ML
acne-face-2-19__ProtectWyJQcm90ZWN0Il0_FocusFillWzI5NCwyMjIsIngiLDFd.jpeg	Acne	57.4	ML
acne-face-2-1__ProtectWyJQcm90ZWN0Il0_FocusFillWzI5NCwyMjIsIngiLDFd.jpeg	Acne	54.02	ML
acne-face-2-20__ProtectWyJQcm90ZWN0Il0_FocusFillWzI5NCwyMjIsInkiLDg1XQ.jpeg	Acne	52.33	ML
acne-face-2-23__ProtectWyJQcm90ZWN0Il0_FocusFillWzI5NCwyMjIsIngiLDFd.jpeg	Acne	74.85	ML
acne-face-2-24__ProtectWyJQcm90ZWN0Il0_FocusFillWzI5NCwyMjIsIngiLDFd.jpeg	Acne	77.69	ML
acne-face-2-25__ProtectWyJQcm90ZWN0Il0_FocusFillWzI5NCwyMjIsIngiLDFd.jpeg	Acne	77.77	ML
acne-face-2-26__ProtectWyJQcm90ZWN0Il0_FocusFillWzI5NCwyMjIsInkiLDg1XQ.jpeg	Acne	78.42	ML
acne-face-2-28__ProtectWyJQcm90ZWN0Il0_FocusFillWzI5NCwyMjIsIngiLDFd.jpeg	Acne	77.39	ML
acne-face-2-29__ProtectWyJQcm90ZWN0Il0_FocusFillWzI5NCwyMjIsIngiLDFd.jpeg	Acne	73.93	ML
acne-face-2-2__ProtectWyJQcm90ZWN0Il0_FocusFillWzI5NCwyMjIsIngiLDE4XQ.jpeg	Acne	80.46	ML
acne-face-2-30__ProtectWyJQcm90ZWN0Il0_FocusFillWzI5NCwyMjIsIngiLDFd.jpeg	Acne	68.6	ML
acne-face-2-35__ProtectWyJQcm90ZWN0Il0_FocusFillWzI5NCwyMjIsIngiLDFd.jpeg	Acne	80.01	ML
acne-face-2-36__ProtectWyJQcm90ZWN0Il0_FocusFillWzI5NCwyMjIsIngiLDFd.jpeg	Acne	79.73	ML
acne-face-2-3__ProtectWyJQcm90ZWN0Il0_FocusFillWzI5NCwyMjIsIngiLDFd.jpeg	Acne	78.5	ML
acne-face-2-4__ProtectWyJQcm90ZWN0Il0_FocusFillWzI5NCwyMjIsIngiLDFd.jpeg	Acne	75.31	ML
acne-face-2-5__ProtectWyJQcm90ZWN0Il0_FocusFillWzI5NCwyMjIsIngiLDFd.jpeg	Acne	67.55	ML
acne-face-2-7__ProtectWyJQcm90ZWN0Il0_FocusFillWzI5NCwyMjIsIngiLDFd.jpeg	Acne	77.47	ML
acne-face-2-8__ProtectWyJQcm90ZWN0Il0_FocusFillWzI5NCwyMjIsIngiLDFd.jpeg	Acne	79.15	ML
acne-face-2-9__ProtectWyJQcm90ZWN0Il0_FocusFillWzI5NCwyMjIsInkiLDg1XQ.jpeg	Acne	80.23	ML
acne-face-20-1__ProtectWyJQcm90ZWN0Il0_FocusFillWzI5NCwyMjIsIngiLDFd.jpeg	Acne	80.2	ML
acne-face-20__ProtectWyJQcm90ZWN0Il0_FocusFillWzI5NCwyMjIsIngiLDE4XQ.jpeg	Acne	76.89	ML
acne-face-21-1__ProtectWyJQcm90ZWN0Il0_FocusFillWzI5NCwyMjIsIngiLDFd.jpeg	Acne	80.3	ML
acne-face-21__ProtectWyJQcm90ZWN0Il0_FocusFillWzI5NCwyMjIsIngiLDE4XQ.jpeg	Acne	44.98	ML
acne-face-22-1__ProtectWyJQcm90ZWN0Il0_FocusFillWzI5NCwyMjIsInkiLDg1XQ.jpeg	Acne	78.25	ML
acne-face-22__ProtectWyJQcm90ZWN0Il0_FocusFillWzI5NCwyMjIsIngiLDFd.jpeg	Acne	73.91	ML
acne-face-23-1__ProtectWyJQcm90ZWN0Il0_FocusFillWzI5NCwyMjIsInkiLDg1XQ.jpeg	Acne	79.59	ML
acne-face-23__ProtectWyJQcm90ZWN0Il0_FocusFillWzI5NCwyMjIsIngiLDFd.jpeg	Acne	72.98	ML
acne-face-24-1__ProtectWyJQcm90ZWN0Il0_FocusFillWzI5NCwyMjIsInkiLDg1XQ.jpeg	Acne	79.99	ML
acne-face-25-1__ProtectWyJQcm90ZWN0Il0_FocusFillWzI5NCwyMjIsInkiLDg1XQ.jpeg	Acne	80.05	ML
acne-face-25__ProtectWyJQcm90ZWN0Il0_FocusFillWzI5NCwyMjIsIngiLDE4XQ.jpeg	Acne	78.48	ML
acne-face-26__ProtectWyJQcm90ZWN0Il0_FocusFillWzI5NCwyMjIsInkiLDg1XQ.jpeg	Acne	79.18	ML
acne-face-27__ProtectWyJQcm90ZWN0Il0_FocusFillWzI5NCwyMjIsIngiLDFd.jpeg	Acne	80.83	ML
acne-face-28__ProtectWyJQcm90ZWN0Il0_FocusFillWzI5NCwyMjIsIngiLDFd.jpeg	Acne	78.64	ML
acne-face-29__ProtectWyJQcm90ZWN0Il0_FocusFillWzI5NCwyMjIsIngiLDFd.jpeg	Acne	77.24	ML
acne-face-2__ProtectWyJQcm90ZWN0Il0_FocusFillWzI5NCwyMjIsIngiLDFd.jpeg	Acne	80.04	ML
acne-face-3-10__ProtectWyJQcm90ZWN0Il0_FocusFillWzI5NCwyMjIsInkiLDg1XQ.jpeg	Acne	78.54	ML
acne-face-3-11__ProtectWyJQcm90ZWN0Il0_FocusFillWzI5NCwyMjIsIngiLDFd.jpeg	Acne	55.38	ML
acne-face-3-12__ProtectWyJQcm90ZWN0Il0_FocusFillWzI5NCwyMjIsIngiLDFd.jpeg	Acne	79.06	ML
acne-face-3-13__ProtectWyJQcm90ZWN0Il0_FocusFillWzI5NCwyMjIsIngiLDFd.jpeg	Acne	71.41	ML
acne-face-3-17__ProtectWyJQcm90ZWN0Il0_FocusFillWzI5NCwyMjIsIngiLDFd.jpeg	Acne	77.26	ML
acne-face-3-18__ProtectWyJQcm90ZWN0Il0_FocusFillWzI5NCwyMjIsIngiLDFd.jpeg	Acne	61.37	ML
acne-face-3-19__ProtectWyJQcm90ZWN0Il0_FocusFillWzI5NCwyMjIsIngiLDFd.jpeg	Acne	80.27	ML
acne-face-3-1__ProtectWyJQcm90ZWN0Il0_FocusFillWzI5NCwyMjIsIngiLDFd.jpeg	Acne	70.34	ML
acne-face-3-2__ProtectWyJQcm90ZWN0Il0_FocusFillWzI5NCwyMjIsIngiLDE4XQ.jpeg	Acne	80.18	ML
acne-face-3-3__ProtectWyJQcm90ZWN0Il0_FocusFillWzI5NCwyMjIsIngiLDFd.jpeg	Acne	79.16	ML
acne-face-3-6__ProtectWyJQcm90ZWN0Il0_FocusFillWzI5NCwyMjIsIngiLDFd.jpeg	Acne	79.58	ML
acne-face-3-7__ProtectWyJQcm90ZWN0Il0_FocusFillWzI5NCwyMjIsIngiLDFd.jpeg	Acne	62.02	ML
acne-face-3-8__ProtectWyJQcm90ZWN0Il0_FocusFillWzI5NCwyMjIsIngiLDFd.jpeg	Acne	78.09	ML
acne-face-30__ProtectWyJQcm90ZWN0Il0_FocusFillWzI5NCwyMjIsIngiLDFd.jpeg	Acne	70.55	ML
acne-face-31__ProtectWyJQcm90ZWN0Il0_FocusFillWzI5NCwyMjIsIngiLDFd.jpeg	Acne	76.25	ML
acne-face-32__ProtectWyJQcm90ZWN0Il0_FocusFillWzI5NCwyMjIsIngiLDFd.jpeg	Acne	74.81	ML
acne-face-34__ProtectWyJQcm90ZWN0Il0_FocusFillWzI5NCwyMjIsIngiLDFd.jpeg	Acne	77.66	ML
acne-face-35__ProtectWyJQcm90ZWN0Il0_FocusFillWzI5NCwyMjIsIngiLDFd.jpeg	Acne	75.67	ML
acne-face-36__ProtectWyJQcm90ZWN0Il0_FocusFillWzI5NCwyMjIsIngiLDFd.jpeg	Acne	49.69	ML
acne-face-37__ProtectWyJQcm90ZWN0Il0_FocusFillWzI5NCwyMjIsIngiLDFd.jpeg	Acne	70.07	ML
acne-face-38__ProtectWyJQcm90ZWN0Il0_FocusFillWzI5NCwyMjIsIngiLDFd.jpeg	Acne	80.13	ML
acne-face-39__ProtectWyJQcm90ZWN0Il0_FocusFillWzI5NCwyMjIsIngiLDE5XQ.jpeg	Acne	69.44	ML
acne-face-3__ProtectWyJQcm90ZWN0Il0_FocusFillWzI5NCwyMjIsIngiLDFd.jpeg	Acne	57.72	ML
acne-face-4-12__ProtectWyJQcm90ZWN0Il0_FocusFillWzI5NCwyMjIsInkiLDg1XQ.jpeg	Acne	76.1	ML
acne-face-4-1__ProtectWyJQcm90ZWN0Il0_FocusFillWzI5NCwyMjIsIngiLDFd.jpeg	Acne	62.43	ML
acne-face-4-4__ProtectWyJQcm90ZWN0Il0_FocusFillWzI5NCwyMjIsIngiLDFd.jpeg	Acne	78.83	ML
acne-face-4-6__ProtectWyJQcm90ZWN0Il0_FocusFillWzI5NCwyMjIsIngiLDFd.jpeg	Psoriasis	43.35	ML
acne-face-4-8__ProtectWyJQcm90ZWN0Il0_FocusFillWzI5NCwyMjIsIngiLDFd.jpeg	Acne	76.61	ML
acne-face-4-9__ProtectWyJQcm90ZWN0Il0_FocusFillWzI5NCwyMjIsIngiLDFd.jpeg	Acne	79.2	ML
acne-face-40__ProtectWyJQcm90ZWN0Il0_FocusFillWzI5NCwyMjIsIngiLDFd.jpeg	Acne	77.27	ML
acne-face-41__ProtectWyJQcm90ZWN0Il0_FocusFillWzI5NCwyMjIsIngiLDFd.jpeg	Acne	78.55	ML
acne-face-43__ProtectWyJQcm90ZWN0Il0_FocusFillWzI5NCwyMjIsIngiLDFd.jpeg	Acne	77.24	ML
acne-face-45__ProtectWyJQcm90ZWN0Il0_FocusFillWzI5NCwyMjIsIngiLDFd.jpeg	Acne	56.18	ML
acne-face-46__ProtectWyJQcm90ZWN0Il0_FocusFillWzI5NCwyMjIsIngiLDFd.jpeg	Acne	67.2	ML
acne-face-47__ProtectWyJQcm90ZWN0Il0_FocusFillWzI5NCwyMjIsIngiLDFd.jpeg	Acne	76.29	ML
acne-face-48__ProtectWyJQcm90ZWN0Il0_FocusFillWzI5NCwyMjIsIngiLDFd.jpeg	Acne	57.29	ML
acne-face-49__ProtectWyJQcm90ZWN0Il0_FocusFillWzI5NCwyMjIsIngiLDFd.jpeg	Acne	79.21	ML
acne-face-5-1__ProtectWyJQcm90ZWN0Il0_FocusFillWzI5NCwyMjIsIngiLDFd.jpeg	Tinea	35.2	ML
acne-face-5-2__ProtectWyJQcm90ZWN0Il0_FocusFillWzI5NCwyMjIsInkiLDEwOF0.jpeg	Acne	73.36	ML
acne-face-5-3__ProtectWyJQcm90ZWN0Il0_FocusFillWzI5NCwyMjIsIngiLDFd.jpeg	Acne	80.38	ML
acne-face-5-4__ProtectWyJQcm90ZWN0Il0_FocusFillWzI5NCwyMjIsIngiLDFd.jpeg	Acne	79.11	ML
acne-face-5-5__ProtectWyJQcm90ZWN0Il0_FocusFillWzI5NCwyMjIsIngiLDFd.jpeg	Acne	78.84	ML
acne-face-5-6__ProtectWyJQcm90ZWN0Il0_FocusFillWzI5NCwyMjIsIngiLDFd.jpeg	Acne	79.36	ML
acne-face-5-8__ProtectWyJQcm90ZWN0Il0_FocusFillWzI5NCwyMjIsIngiLDFd.jpeg	Acne	71.71	ML
acne-face-50__ProtectWyJQcm90ZWN0Il0_FocusFillWzI5NCwyMjIsIngiLDFd.jpeg	Acne	75.86	ML
acne-face-51__ProtectWyJQcm90ZWN0Il0_FocusFillWzI5NCwyMjIsIngiLDFd.jpeg	Acne	62.66	ML
acne-face-53__ProtectWyJQcm90ZWN0Il0_FocusFillWzI5NCwyMjIsInkiLDg1XQ.jpeg	Acne	81.04	ML
acne-face-54__ProtectWyJQcm90ZWN0Il0_FocusFillWzI5NCwyMjIsIngiLDFd.jpeg	Acne	49.09	ML
acne-face-55__ProtectWyJQcm90ZWN0Il0_FocusFillWzI5NCwyMjIsIngiLDFd.jpeg	Acne	75.01	ML
acne-face-57__ProtectWyJQcm90ZWN0Il0_FocusFillWzI5NCwyMjIsIngiLDFd.jpeg	Acne	73.71	ML
acne-face-58__ProtectWyJQcm90ZWN0Il0_FocusFillWzI5NCwyMjIsIngiLDFd.jpeg	Acne	56.38	ML
acne-face-5__ProtectWyJQcm90ZWN0Il0_FocusFillWzI5NCwyMjIsIngiLDFd.jpeg	Acne	51.32	ML
acne-face-6-3__ProtectWyJQcm90ZWN0Il0_FocusFillWzI5NCwyMjIsIngiLDFd.jpeg	Acne	79.43	ML
acne-face-6-4__ProtectWyJQcm90ZWN0Il0_FocusFillWzI5NCwyMjIsIngiLDFd.jpeg	Acne	81.25	ML
acne-face-6-5__ProtectWyJQcm90ZWN0Il0_FocusFillWzI5NCwyMjIsInkiLDVd.jpeg	Acne	79.34	ML
acne-face-60__ProtectWyJQcm90ZWN0Il0_FocusFillWzI5NCwyMjIsIngiLDFd.jpeg	Acne	77.04	ML
acne-face-61__ProtectWyJQcm90ZWN0Il0_FocusFillWzI5NCwyMjIsInkiLDg1XQ.jpeg	Acne	62.41	ML
acne-face-62__ProtectWyJQcm90ZWN0Il0_FocusFillWzI5NCwyMjIsIngiLDFd.jpeg	Acne	72.66	ML
acne-face-63__ProtectWyJQcm90ZWN0Il0_FocusFillWzI5NCwyMjIsIngiLDFd.jpeg	Acne	77.23	ML
acne-face-64__ProtectWyJQcm90ZWN0Il0_FocusFillWzI5NCwyMjIsIngiLDFd.jpeg	Acne	67.73	ML
acne-face-65__ProtectWyJQcm90ZWN0Il0_FocusFillWzI5NCwyMjIsIngiLDFd.jpeg	Acne	76.41	ML
acne-face-68__ProtectWyJQcm90ZWN0Il0_FocusFillWzI5NCwyMjIsIngiLDFd.jpeg	Acne	71.61	ML
acne-face-69__ProtectWyJQcm90ZWN0Il0_FocusFillWzI5NCwyMjIsIngiLDFd.jpeg	Acne	75.71	ML
acne-face-6__ProtectWyJQcm90ZWN0Il0_FocusFillWzI5NCwyMjIsIngiLDFd.jpeg	Acne	78.49	ML
acne-face-7-1__ProtectWyJQcm90ZWN0Il0_FocusFillWzI5NCwyMjIsIngiLDE4XQ.jpeg	Acne	68.34	ML
acne-face-7-2__ProtectWyJQcm90ZWN0Il0_FocusFillWzI5NCwyMjIsIngiLDFd.jpeg	Acne	79.05	ML
acne-face-7-3__ProtectWyJQcm90ZWN0Il0_FocusFillWzI5NCwyMjIsIngiLDFd.jpeg	Acne	80.56	ML
acne-face-70__ProtectWyJQcm90ZWN0Il0_FocusFillWzI5NCwyMjIsIngiLDFd.jpeg	Acne	76.0	ML
acne-face-71__ProtectWyJQcm90ZWN0Il0_FocusFillWzI5NCwyMjIsIngiLDFd.jpeg	Acne	77.42	ML
acne-face-73__ProtectWyJQcm90ZWN0Il0_FocusFillWzI5NCwyMjIsIngiLDFd.jpeg	Acne	78.77	ML
acne-face-74__ProtectWyJQcm90ZWN0Il0_FocusFillWzI5NCwyMjIsIngiLDFd.jpeg	Acne	66.69	ML
acne-face-76__ProtectWyJQcm90ZWN0Il0_FocusFillWzI5NCwyMjIsIngiLDFd.jpeg	Acne	75.92	ML
acne-face-77__ProtectWyJQcm90ZWN0Il0_FocusFillWzI5NCwyMjIsIngiLDFd.jpeg	Acne	78.16	ML
acne-face-78__ProtectWyJQcm90ZWN0Il0_FocusFillWzI5NCwyMjIsIngiLDFd.jpeg	Acne	79.6	ML
acne-face-79__ProtectWyJQcm90ZWN0Il0_FocusFillWzI5NCwyMjIsIngiLDFd.jpeg	Acne	77.26	ML
acne-face-7__ProtectWyJQcm90ZWN0Il0_FocusFillWzI5NCwyMjIsIngiLDFd.jpeg	Acne	74.54	ML
acne-face-8-2__ProtectWyJQcm90ZWN0Il0_FocusFillWzI5NCwyMjIsIngiLDFd.jpeg	Acne	78.86	ML
acne-face-8-3__ProtectWyJQcm90ZWN0Il0_FocusFillWzI5NCwyMjIsIngiLDFd.jpeg	Acne	79.54	ML
acne-face-80__ProtectWyJQcm90ZWN0Il0_FocusFillWzI5NCwyMjIsIngiLDIzXQ.jpeg	Acne	39.09	ML
acne-face-8__ProtectWyJQcm90ZWN0Il0_FocusFillWzI5NCwyMjIsIngiLDFd.jpeg	Acne	79.6	ML
acne-face-9__ProtectWyJQcm90ZWN0Il0_FocusFillWzI5NCwyMjIsIngiLDFd.jpeg	Acne	75.81	ML
acne-infantile-1.jpeg	Acne	68.64	ML
acne-infantile-11.jpeg	Acne	70.59	ML
acne-infantile-12.jpeg	Acne	67.91	ML
acne-infantile-13.jpeg	Acne	73.4	ML
acne-infantile-14.jpeg	Acne	55.55	ML
acne-infantile-16.jpeg	Acne	62.97	ML
acne-infantile-2.jpeg	Acne	71.0	ML
acne-infantile-3.jpeg	Acne	78.65	ML
acne-infantile-5.jpeg	Acne	65.77	ML
acne-infantile-6.jpeg	Acne	71.93	ML
acne-infantile-8.jpeg	Acne	71.71	ML
acne-mechanica-1.jpeg	Psoriasis	53.9	ML
acne-open-comedo-1.jpeg	Acne	79.15	ML
acne-open-comedo-10.jpeg	Psoriasis	27.29	ML
acne-open-comedo-13.jpeg	Acne	47.11	ML
acne-open-comedo-17.jpeg	Acne	46.8	ML
acne-open-comedo-18.jpeg	Tinea	63.34	ML
acne-open-comedo-2.jpeg	Acne	74.66	ML
acne-open-comedo-20.jpeg	Acne	77.93	ML
acne-open-comedo-22.jpeg	Acne	79.14	ML
acne-open-comedo-28.jpeg	Tinea	44.24	ML
acne-open-comedo-36.jpeg	Tinea	38.23	ML
acne-open-comedo-38.jpeg	Acne	73.3	ML
acne-open-comedo-4.jpeg	Acne	66.89	ML
acne-open-comedo-40.jpeg	Acne	80.64	ML
acne-open-comedo-43.jpeg	Acne	71.78	ML
acne-open-comedo-44.jpeg	Acne	54.44	ML
acne-open-comedo-49.jpeg	Tinea	49.3	ML
acne-open-comedo-50.jpeg	Acne	79.4	ML
acne-open-comedo-51.jpeg	Acne	80.65	ML
acne-open-comedo-60.jpeg	Acne	42.86	ML
acne-open-comedo-61.jpeg	Acne	74.32	ML
acne-open-comedo-63.jpeg	Acne	77.86	ML
acne-open-comedo-68.jpeg	Acne	74.75	ML
acne-open-comedo-70.jpeg	Tinea	52.13	ML
acne-open-comedo-71.jpeg	Acne	68.03	ML
acne-pustular-1.jpeg	Acne	77.03	ML
acne-pustular-10.jpeg	Acne	78.63	ML
acne-pustular-12.jpeg	Acne	78.39	ML
acne-pustular-13.jpeg	Acne	63.26	ML
acne-pustular-14.jpeg	Acne	71.72	ML
acne-pustular-15.jpeg	Acne	75.69	ML
acne-pustular-16.jpeg	Acne	71.57	ML
acne-pustular-17.jpeg	Acne	76.94	ML
acne-pustular-18.jpeg	Acne	71.06	ML
acne-pustular-21.jpeg	Acne	77.42	ML
acne-pustular-23.jpeg	Acne	79.54	ML
acne-pustular-24.jpeg	Acne	79.53	ML
acne-pustular-25.jpeg	Acne	78.34	ML
acne-pustular-27.jpeg	Acne	77.86	ML
acne-pustular-28.jpeg	Acne	77.67	ML
acne-pustular-29.jpeg	Acne	77.51	ML
acne-pustular-30.jpeg	Acne	76.92	ML
acne-pustular-31.jpeg	Acne	78.67	ML
acne-pustular-32.jpeg	Acne	53.11	ML
acne-pustular-33.jpeg	Tinea	50.03	ML
acne-pustular-34.jpeg	Acne	79.73	ML
acne-pustular-36.jpeg	Acne	75.17	ML
acne-pustular-37.jpeg	Acne	79.49	ML
acne-pustular-38.jpeg	Acne	75.41	ML
acne-pustular-39.jpeg	Acne	60.22	ML
acne-pustular-4.jpeg	Acne	70.38	ML
acne-pustular-40.jpeg	Acne	69.51	ML
acne-pustular-41.jpeg	Acne	79.9	ML
acne-pustular-43.jpeg	Acne	80.61	ML
acne-pustular-44.jpeg	Acne	74.84	ML
acne-pustular-45.jpeg	Acne	77.77	ML
acne-pustular-46.jpeg	Acne	76.93	ML
acne-pustular-48.jpeg	Acne	69.66	ML
acne-pustular-49.jpeg	Acne	71.86	ML
acne-pustular-5.jpeg	Acne	78.87	ML
acne-pustular-50.jpeg	Acne	71.8	ML
acne-pustular-52.jpeg	Acne	72.63	ML
acne-pustular-53.jpeg	Acne	69.81	ML
acne-pustular-54.jpeg	Acne	53.17	ML
acne-pustular-55.jpeg	Acne	57.64	ML
acne-pustular-56.jpeg	Acne	70.57	ML
acne-pustular-57.jpeg	Acne	76.8	ML
acne-pustular-58.jpeg	Acne	78.43	ML
acne-pustular-61.jpeg	Acne	78.46	ML
acne-pustular-63.jpeg	Acne	77.37	ML
acne-pustular-64.jpeg	Acne	78.52	ML
acne-pustular-65.jpeg	Acne	55.86	ML
acne-pustular-66.jpeg	Acne	72.12	ML
acne-pustular-67.jpeg	Acne	78.36	ML
acne-pustular-68.jpeg	Acne	78.16	ML
acne-pustular-69.jpeg	Acne	54.97	ML
acne-pustular-70.jpeg	Acne	78.99	ML
acne-pustular-72.jpeg	Acne	80.55	ML
acne-pustular-73.jpeg	Acne	79.03	ML
acne-pustular-74.jpeg	Acne	80.05	ML
acne-pustular-8.jpeg	Acne	78.38	ML
acne-pustular-9.jpeg	Acne	80.13	ML
acne-scar-1.jpeg	Tinea	60.88	ML
acne-scar-2.jpeg	Acne	76.61	ML
acne-scar-3.jpeg	Acne	77.82	ML
acne-scar-4.jpeg	Acne	77.93	ML
acne-scar-9.jpeg	Acne	75.24	ML
acne-vulgaris-0001__ProtectWyJQcm90ZWN0Il0_FocusFillWzI5NCwyMjIsIngiLDFd.jpeg	Acne	77.3	ML
acne-vulgaris-0002__ProtectWyJQcm90ZWN0Il0_FocusFillWzI5NCwyMjIsIngiLDFd.jpeg	Acne	80.11	ML
acne-vulgaris-0003__ProtectWyJQcm90ZWN0Il0_FocusFillWzI5NCwyMjIsIngiLDFd.jpeg	Acne	76.24	ML
Acne_3a2924e047.jpg	Acne	72.27	ML
Acne_4ff45cbfb7.jpg	Acne	66.22	ML
Acne_4ffe917838.jpg	Acne	74.94	ML
Acne_617e00b9bf.jpg	Acne	54.85	ML
Acne_637dd3d099.jpg	Acne	44.9	ML
Acne_67aad7c3fa.jpg	Acne	71.83	ML
Acne_7d1f3cac92.jpg	Acne	45.64	ML
Acne_8fd63f321d.jpg	Acne	73.19	ML
Acne_96f9fa7562.jpg	Psoriasis	38.83	ML
Acne_b134031f88.jpg	Acne	69.11	ML
Acne_e275b29fce.jpg	Acne	74.25	ML
Acne_fb250eef44.jpg	Acne	77.25	ML
