image_path,true_label,predicted_label,confidence_score
C:\Updated_Project\CroppedData\Acne\07AcnePittedScars.jpeg,Acne,Tinea,0.52883053
C:\Updated_Project\CroppedData\Acne\07AcnePittedScars1.jpeg,Acne,Tinea,0.54438049
C:\Updated_Project\CroppedData\Acne\143__ProtectWyJQcm90ZWN0Il0_FocusFillWzI5NCwyMjIsIngiLDFd.jpeg,Acne,Psoriasis,0.37953931
C:\Updated_Project\CroppedData\Acne\149__ProtectWyJQcm90ZWN0Il0_FocusFillWzI5NCwyMjIsIngiLDFd.jpeg,Acne,Psoriasis,0.51991147
C:\Updated_Project\CroppedData\Acne\150__ProtectWyJQcm90ZWN0Il0_FocusFillWzI5NCwyMjIsIngiLDFd.jpeg,Acne,Psoriasis,0.42274711
C:\Updated_Project\CroppedData\Acne\151__ProtectWyJQcm90ZWN0Il0_FocusFillWzI5NCwyMjIsIngiLDFd.jpeg,Acne,Psoriasis,0.34794387
C:\Updated_Project\CroppedData\Acne\190__ProtectWyJQcm90ZWN0Il0_FocusFillWzI5NCwyMjIsIngiLDFd.jpeg,Acne,Psoriasis,0.40840894
C:\Updated_Project\CroppedData\Acne\Acne_4ff45cbfb7.jpg,Acne,Tinea,0.58738893
C:\Updated_Project\CroppedData\Acne\Acne_637dd3d099.jpg,Acne,Tinea,0.53761649
C:\Updated_Project\CroppedData\Acne\Acne_7d1f3cac92.jpg,Acne,Vitiligo,0.67470467
C:\Updated_Project\CroppedData\Acne\acne-089-v2__ProtectWyJQcm90ZWN0Il0_FocusFillWzI5NCwyMjIsIngiLDFd.jpeg,Acne,Psoriasis,0.46217504
C:\Updated_Project\CroppedData\Acne\acne-187-v2__ProtectWyJQcm90ZWN0Il0_FocusFillWzI5NCwyMjIsIngiLDFd.jpeg,Acne,Tinea,0.39815995
C:\Updated_Project\CroppedData\Acne\acne-205-v2__ProtectWyJQcm90ZWN0Il0_FocusFillWzI5NCwyMjIsIngiLDFd.jpeg,Acne,Psoriasis,0.38424429
C:\Updated_Project\CroppedData\Acne\acne-268-v2__ProtectWyJQcm90ZWN0Il0_FocusFillWzI5NCwyMjIsIngiLDFd.jpeg,Acne,Psoriasis,0.41191202
C:\Updated_Project\CroppedData\Acne\acne-Closed-Comedo.jpeg,Acne,Psoriasis,0.52592129
C:\Updated_Project\CroppedData\Acne\acne-closed-comedo-002.jpeg,Acne,Psoriasis,0.50638759
C:\Updated_Project\CroppedData\Acne\acne-closed-comedo-003.jpeg,Acne,Tinea,0.42521149
C:\Updated_Project\CroppedData\Acne\acne-closed-comedo-1.jpeg,Acne,Tinea,0.66658366
C:\Updated_Project\CroppedData\Acne\acne-closed-comedo-11.jpeg,Acne,Psoriasis,0.48369488
C:\Updated_Project\CroppedData\Acne\acne-closed-comedo-12.jpeg,Acne,Tinea,0.49389896
C:\Updated_Project\CroppedData\Acne\acne-closed-comedo-13.jpeg,Acne,Psoriasis,0.43613026
C:\Updated_Project\CroppedData\Acne\acne-closed-comedo-14.jpeg,Acne,Psoriasis,0.56705219
C:\Updated_Project\CroppedData\Acne\acne-closed-comedo-16.jpeg,Acne,Tinea,0.55541831
C:\Updated_Project\CroppedData\Acne\acne-closed-comedo-17.jpeg,Acne,Tinea,0.48840365
C:\Updated_Project\CroppedData\Acne\acne-closed-comedo-2.jpeg,Acne,Psoriasis,0.38015807
C:\Updated_Project\CroppedData\Acne\acne-closed-comedo-24.jpeg,Acne,Tinea,0.71656108
C:\Updated_Project\CroppedData\Acne\acne-closed-comedo-25.jpeg,Acne,Psoriasis,0.45788956
C:\Updated_Project\CroppedData\Acne\acne-closed-comedo-26.jpeg,Acne,Tinea,0.74512136
C:\Updated_Project\CroppedData\Acne\acne-closed-comedo-27.jpeg,Acne,Tinea,0.72663325
C:\Updated_Project\CroppedData\Acne\acne-closed-comedo-29.jpeg,Acne,Tinea,0.34563559
C:\Updated_Project\CroppedData\Acne\acne-closed-comedo-31.jpeg,Acne,Psoriasis,0.63643491
C:\Updated_Project\CroppedData\Acne\acne-closed-comedo-36.jpeg,Acne,Tinea,0.54818600
C:\Updated_Project\CroppedData\Acne\acne-closed-comedo-38.jpeg,Acne,Tinea,0.44197312
C:\Updated_Project\CroppedData\Acne\acne-closed-comedo-40.jpeg,Acne,Tinea,0.56512547
C:\Updated_Project\CroppedData\Acne\acne-closed-comedo-5.jpeg,Acne,Psoriasis,0.39177120
C:\Updated_Project\CroppedData\Acne\acne-closed-comedo-6.jpeg,Acne,Tinea,0.51342589
C:\Updated_Project\CroppedData\Acne\acne-closed-comedo-9.jpeg,Acne,Tinea,0.43974236
C:\Updated_Project\CroppedData\Acne\acne-cystic-100.jpeg,Acne,Psoriasis,0.46726725
C:\Updated_Project\CroppedData\Acne\acne-cystic-102.jpeg,Acne,Psoriasis,0.41157791
C:\Updated_Project\CroppedData\Acne\acne-cystic-103.jpeg,Acne,Psoriasis,0.46142325
C:\Updated_Project\CroppedData\Acne\acne-cystic-105.jpeg,Acne,Psoriasis,0.72486848
C:\Updated_Project\CroppedData\Acne\acne-cystic-107.jpeg,Acne,Psoriasis,0.41294840
C:\Updated_Project\CroppedData\Acne\acne-cystic-109.jpeg,Acne,Psoriasis,0.41717321
C:\Updated_Project\CroppedData\Acne\acne-cystic-111.jpeg,Acne,Psoriasis,0.46545362
C:\Updated_Project\CroppedData\Acne\acne-cystic-112.jpeg,Acne,Tinea,0.46655491
C:\Updated_Project\CroppedData\Acne\acne-cystic-113.jpeg,Acne,Psoriasis,0.57968038
C:\Updated_Project\CroppedData\Acne\acne-cystic-116.jpeg,Acne,Psoriasis,0.52664220
C:\Updated_Project\CroppedData\Acne\acne-cystic-117.jpeg,Acne,Psoriasis,0.63301605
C:\Updated_Project\CroppedData\Acne\acne-cystic-118.jpeg,Acne,Tinea,0.39506423
C:\Updated_Project\CroppedData\Acne\acne-cystic-127.jpeg,Acne,Psoriasis,0.47559410
C:\Updated_Project\CroppedData\Acne\acne-cystic-129.jpeg,Acne,Tinea,0.40051574
C:\Updated_Project\CroppedData\Acne\acne-cystic-13.jpeg,Acne,Tinea,0.40721405
C:\Updated_Project\CroppedData\Acne\acne-cystic-135.jpeg,Acne,Psoriasis,0.49783739
C:\Updated_Project\CroppedData\Acne\acne-cystic-137.jpeg,Acne,Psoriasis,0.65973485
C:\Updated_Project\CroppedData\Acne\acne-cystic-138.jpeg,Acne,Psoriasis,0.57029659
C:\Updated_Project\CroppedData\Acne\acne-cystic-139.jpeg,Acne,Psoriasis,0.52198964
C:\Updated_Project\CroppedData\Acne\acne-cystic-140.jpeg,Acne,Psoriasis,0.42785075
C:\Updated_Project\CroppedData\Acne\acne-cystic-141.jpeg,Acne,Tinea,0.48237693
C:\Updated_Project\CroppedData\Acne\acne-cystic-142.jpeg,Acne,Tinea,0.36851808
C:\Updated_Project\CroppedData\Acne\acne-cystic-143.jpeg,Acne,Psoriasis,0.51956278
C:\Updated_Project\CroppedData\Acne\acne-cystic-144.jpeg,Acne,Psoriasis,0.68975341
C:\Updated_Project\CroppedData\Acne\acne-cystic-145.jpeg,Acne,Tinea,0.42532554
C:\Updated_Project\CroppedData\Acne\acne-cystic-146.jpeg,Acne,Psoriasis,0.55056912
C:\Updated_Project\CroppedData\Acne\acne-cystic-147.jpeg,Acne,Tinea,0.52806258
C:\Updated_Project\CroppedData\Acne\acne-cystic-149.jpeg,Acne,Psoriasis,0.53394681
C:\Updated_Project\CroppedData\Acne\acne-cystic-150.jpeg,Acne,Tinea,0.51369286
C:\Updated_Project\CroppedData\Acne\acne-cystic-151.jpeg,Acne,Psoriasis,0.54250151
C:\Updated_Project\CroppedData\Acne\acne-cystic-2.jpeg,Acne,Tinea,0.83204067
C:\Updated_Project\CroppedData\Acne\acne-cystic-26.jpeg,Acne,Tinea,0.58662009
C:\Updated_Project\CroppedData\Acne\acne-cystic-28.jpeg,Acne,Tinea,0.52823138
C:\Updated_Project\CroppedData\Acne\acne-cystic-29.jpeg,Acne,Psoriasis,0.79347461
C:\Updated_Project\CroppedData\Acne\acne-cystic-31.jpeg,Acne,Psoriasis,0.56654388
C:\Updated_Project\CroppedData\Acne\acne-cystic-33.jpeg,Acne,Tinea,0.44566685
C:\Updated_Project\CroppedData\Acne\acne-cystic-37.jpeg,Acne,Psoriasis,0.52776271
C:\Updated_Project\CroppedData\Acne\acne-cystic-40.jpeg,Acne,Tinea,0.56521600
C:\Updated_Project\CroppedData\Acne\acne-cystic-44.jpeg,Acne,Psoriasis,0.60141927
C:\Updated_Project\CroppedData\Acne\acne-cystic-45.jpeg,Acne,Tinea,0.44762161
C:\Updated_Project\CroppedData\Acne\acne-cystic-47.jpeg,Acne,Tinea,0.60337591
C:\Updated_Project\CroppedData\Acne\acne-cystic-48.jpeg,Acne,Psoriasis,0.47314367
C:\Updated_Project\CroppedData\Acne\acne-cystic-49.jpeg,Acne,Psoriasis,0.87724674
C:\Updated_Project\CroppedData\Acne\acne-cystic-5.jpeg,Acne,Tinea,0.40364149
C:\Updated_Project\CroppedData\Acne\acne-cystic-53.jpeg,Acne,Psoriasis,0.56951684
C:\Updated_Project\CroppedData\Acne\acne-cystic-54.jpeg,Acne,Psoriasis,0.48179057
C:\Updated_Project\CroppedData\Acne\acne-cystic-55.jpeg,Acne,Tinea,0.59089929
C:\Updated_Project\CroppedData\Acne\acne-cystic-57.jpeg,Acne,Tinea,0.38601574
C:\Updated_Project\CroppedData\Acne\acne-cystic-6.jpeg,Acne,Tinea,0.61866397
C:\Updated_Project\CroppedData\Acne\acne-cystic-85.jpeg,Acne,Tinea,0.53712130
C:\Updated_Project\CroppedData\Acne\acne-cystic-90.jpeg,Acne,Tinea,0.60942900
C:\Updated_Project\CroppedData\Acne\acne-cystic-94.jpeg,Acne,Psoriasis,0.48529547
C:\Updated_Project\CroppedData\Acne\acne-cystic-97.jpeg,Acne,Tinea,0.42426261
C:\Updated_Project\CroppedData\Acne\acne-cystic-99.jpeg,Acne,Tinea,0.41168061
C:\Updated_Project\CroppedData\Acne\acne-excoriated-10.jpeg,Acne,Tinea,0.44420081
C:\Updated_Project\CroppedData\Acne\acne-excoriated-11.jpeg,Acne,Tinea,0.43796343
C:\Updated_Project\CroppedData\Acne\acne-excoriated-14.jpeg,Acne,Tinea,0.44250667
C:\Updated_Project\CroppedData\Acne\acne-excoriated-15.jpeg,Acne,Psoriasis,0.53039217
C:\Updated_Project\CroppedData\Acne\acne-excoriated-21.jpeg,Acne,Vitiligo,0.57959741
C:\Updated_Project\CroppedData\Acne\acne-excoriated-22.jpeg,Acne,Vitiligo,0.57085901
C:\Updated_Project\CroppedData\Acne\acne-excoriated-23.jpeg,Acne,Psoriasis,0.54855263
C:\Updated_Project\CroppedData\Acne\acne-excoriated-4.jpeg,Acne,Psoriasis,0.37030637
C:\Updated_Project\CroppedData\Acne\acne-excoriated-5.jpeg,Acne,Tinea,0.41299996
C:\Updated_Project\CroppedData\Acne\acne-excoriated-6.jpeg,Acne,Tinea,0.52026516
C:\Updated_Project\CroppedData\Acne\acne-face-1-13__ProtectWyJQcm90ZWN0Il0_FocusFillWzI5NCwyMjIsIngiLDFd.jpeg,Acne,Psoriasis,0.40117162
C:\Updated_Project\CroppedData\Acne\acne-face-1-17__ProtectWyJQcm90ZWN0Il0_FocusFillWzI5NCwyMjIsIngiLDFd.jpeg,Acne,Tinea,0.60138625
C:\Updated_Project\CroppedData\Acne\acne-face-1-1__ProtectWyJQcm90ZWN0Il0_FocusFillWzI5NCwyMjIsInkiLDg1XQ.jpeg,Acne,Psoriasis,0.49662524
C:\Updated_Project\CroppedData\Acne\acne-face-1-35__ProtectWyJQcm90ZWN0Il0_FocusFillWzI5NCwyMjIsIngiLDFd.jpeg,Acne,Vitiligo,0.88002872
C:\Updated_Project\CroppedData\Acne\acne-face-1-38__ProtectWyJQcm90ZWN0Il0_FocusFillWzI5NCwyMjIsIngiLDFd.jpeg,Acne,Tinea,0.69324857
C:\Updated_Project\CroppedData\Acne\acne-face-1-42__ProtectWyJQcm90ZWN0Il0_FocusFillWzI5NCwyMjIsIngiLDFd.jpeg,Acne,Psoriasis,0.32456791
C:\Updated_Project\CroppedData\Acne\acne-face-1-44__ProtectWyJQcm90ZWN0Il0_FocusFillWzI5NCwyMjIsInkiLDg1XQ.jpeg,Acne,Tinea,0.46221229
C:\Updated_Project\CroppedData\Acne\acne-face-2-10__ProtectWyJQcm90ZWN0Il0_FocusFillWzI5NCwyMjIsIngiLDFd.jpeg,Acne,Psoriasis,0.40672004
C:\Updated_Project\CroppedData\Acne\acne-face-2-19__ProtectWyJQcm90ZWN0Il0_FocusFillWzI5NCwyMjIsIngiLDFd.jpeg,Acne,Tinea,0.57324660
C:\Updated_Project\CroppedData\Acne\acne-face-2-20__ProtectWyJQcm90ZWN0Il0_FocusFillWzI5NCwyMjIsInkiLDg1XQ.jpeg,Acne,Tinea,0.57877487
C:\Updated_Project\CroppedData\Acne\acne-face-2-22__ProtectWyJQcm90ZWN0Il0_FocusFillWzI5NCwyMjIsIngiLDFd.jpeg,Acne,Tinea,0.45706058
C:\Updated_Project\CroppedData\Acne\acne-face-2-29__ProtectWyJQcm90ZWN0Il0_FocusFillWzI5NCwyMjIsIngiLDFd.jpeg,Acne,Psoriasis,0.45858750
C:\Updated_Project\CroppedData\Acne\acne-face-3-1__ProtectWyJQcm90ZWN0Il0_FocusFillWzI5NCwyMjIsIngiLDFd.jpeg,Acne,Psoriasis,0.60947758
C:\Updated_Project\CroppedData\Acne\acne-face-3-7__ProtectWyJQcm90ZWN0Il0_FocusFillWzI5NCwyMjIsIngiLDFd.jpeg,Acne,Tinea,0.44299391
C:\Updated_Project\CroppedData\Acne\acne-face-36__ProtectWyJQcm90ZWN0Il0_FocusFillWzI5NCwyMjIsIngiLDFd.jpeg,Acne,Psoriasis,0.51390547
C:\Updated_Project\CroppedData\Acne\acne-face-37__ProtectWyJQcm90ZWN0Il0_FocusFillWzI5NCwyMjIsIngiLDFd.jpeg,Acne,Tinea,0.37716231
C:\Updated_Project\CroppedData\Acne\acne-face-3__ProtectWyJQcm90ZWN0Il0_FocusFillWzI5NCwyMjIsIngiLDFd.jpeg,Acne,Psoriasis,0.37410128
C:\Updated_Project\CroppedData\Acne\acne-face-45__ProtectWyJQcm90ZWN0Il0_FocusFillWzI5NCwyMjIsIngiLDFd.jpeg,Acne,Psoriasis,0.52039731
C:\Updated_Project\CroppedData\Acne\acne-face-46__ProtectWyJQcm90ZWN0Il0_FocusFillWzI5NCwyMjIsIngiLDFd.jpeg,Acne,Psoriasis,0.68862545
C:\Updated_Project\CroppedData\Acne\acne-face-5-1__ProtectWyJQcm90ZWN0Il0_FocusFillWzI5NCwyMjIsIngiLDFd.jpeg,Acne,Psoriasis,0.42283449
C:\Updated_Project\CroppedData\Acne\acne-face-5-2__ProtectWyJQcm90ZWN0Il0_FocusFillWzI5NCwyMjIsInkiLDEwOF0.jpeg,Acne,Psoriasis,0.50125444
C:\Updated_Project\CroppedData\Acne\acne-face-58__ProtectWyJQcm90ZWN0Il0_FocusFillWzI5NCwyMjIsIngiLDFd.jpeg,Acne,Tinea,0.54865772
C:\Updated_Project\CroppedData\Acne\acne-face-63__ProtectWyJQcm90ZWN0Il0_FocusFillWzI5NCwyMjIsIngiLDFd.jpeg,Acne,Tinea,0.43178391
C:\Updated_Project\CroppedData\Acne\acne-face-80__ProtectWyJQcm90ZWN0Il0_FocusFillWzI5NCwyMjIsIngiLDIzXQ.jpeg,Acne,Vitiligo,0.43021506
C:\Updated_Project\CroppedData\Acne\acne-infantile-1.jpeg,Acne,Psoriasis,0.42741415
C:\Updated_Project\CroppedData\Acne\acne-infantile-12.jpeg,Acne,Tinea,0.40072730
C:\Updated_Project\CroppedData\Acne\acne-infantile-7.jpeg,Acne,Tinea,0.42993778
C:\Updated_Project\CroppedData\Acne\acne-infantile-8.jpeg,Acne,Tinea,0.41749308
C:\Updated_Project\CroppedData\Acne\acne-mechanica-1.jpeg,Acne,Tinea,0.45800996
C:\Updated_Project\CroppedData\Acne\acne-open-comedo-10.jpeg,Acne,Psoriasis,0.53875035
C:\Updated_Project\CroppedData\Acne\acne-open-comedo-13.jpeg,Acne,Tinea,0.40002832
C:\Updated_Project\CroppedData\Acne\acne-open-comedo-15.jpeg,Acne,Psoriasis,0.42460403
C:\Updated_Project\CroppedData\Acne\acne-open-comedo-17.jpeg,Acne,Tinea,0.33452088
C:\Updated_Project\CroppedData\Acne\acne-open-comedo-18.jpeg,Acne,Tinea,0.49924287
C:\Updated_Project\CroppedData\Acne\acne-open-comedo-2.jpeg,Acne,Tinea,0.42214122
C:\Updated_Project\CroppedData\Acne\acne-open-comedo-20.jpeg,Acne,Tinea,0.44790506
C:\Updated_Project\CroppedData\Acne\acne-open-comedo-21.jpeg,Acne,Tinea,0.49386343
C:\Updated_Project\CroppedData\Acne\acne-open-comedo-25.jpeg,Acne,Tinea,0.58500344
C:\Updated_Project\CroppedData\Acne\acne-open-comedo-27.jpeg,Acne,Tinea,0.40417093
C:\Updated_Project\CroppedData\Acne\acne-open-comedo-28.jpeg,Acne,Tinea,0.66654325
C:\Updated_Project\CroppedData\Acne\acne-open-comedo-29.jpeg,Acne,Psoriasis,0.53346062
C:\Updated_Project\CroppedData\Acne\acne-open-comedo-31.jpeg,Acne,Tinea,0.34595776
C:\Updated_Project\CroppedData\Acne\acne-open-comedo-34.jpeg,Acne,Psoriasis,0.50231779
C:\Updated_Project\CroppedData\Acne\acne-open-comedo-35.jpeg,Acne,Tinea,0.53799683
C:\Updated_Project\CroppedData\Acne\acne-open-comedo-36.jpeg,Acne,Psoriasis,0.69354916
C:\Updated_Project\CroppedData\Acne\acne-open-comedo-37.jpeg,Acne,Tinea,0.35503384
C:\Updated_Project\CroppedData\Acne\acne-open-comedo-4.jpeg,Acne,Tinea,0.40361556
C:\Updated_Project\CroppedData\Acne\acne-open-comedo-43.jpeg,Acne,Tinea,0.50193441
C:\Updated_Project\CroppedData\Acne\acne-open-comedo-44.jpeg,Acne,Tinea,0.51011860
C:\Updated_Project\CroppedData\Acne\acne-open-comedo-47.jpeg,Acne,Psoriasis,0.40599695
C:\Updated_Project\CroppedData\Acne\acne-open-comedo-48.jpeg,Acne,Tinea,0.66307515
C:\Updated_Project\CroppedData\Acne\acne-open-comedo-49.jpeg,Acne,Tinea,0.55457914
C:\Updated_Project\CroppedData\Acne\acne-open-comedo-52.jpeg,Acne,Tinea,0.58693743
C:\Updated_Project\CroppedData\Acne\acne-open-comedo-54.jpeg,Acne,Tinea,0.43533263
C:\Updated_Project\CroppedData\Acne\acne-open-comedo-56.jpeg,Acne,Psoriasis,0.40872452
C:\Updated_Project\CroppedData\Acne\acne-open-comedo-6.jpeg,Acne,Tinea,0.44228384
C:\Updated_Project\CroppedData\Acne\acne-open-comedo-60.jpeg,Acne,Tinea,0.56300128
C:\Updated_Project\CroppedData\Acne\acne-open-comedo-65.jpeg,Acne,Tinea,0.38126042
C:\Updated_Project\CroppedData\Acne\acne-open-comedo-67.jpeg,Acne,Psoriasis,0.40919018
C:\Updated_Project\CroppedData\Acne\acne-open-comedo-68.jpeg,Acne,Tinea,0.63547868
C:\Updated_Project\CroppedData\Acne\acne-open-comedo-70.jpeg,Acne,Tinea,0.58287972
C:\Updated_Project\CroppedData\Acne\acne-open-comedo-71.jpeg,Acne,Tinea,0.50419182
C:\Updated_Project\CroppedData\Acne\acne-open-comedo-73.jpeg,Acne,Tinea,0.62184083
C:\Updated_Project\CroppedData\Acne\acne-open-comedo-8.jpeg,Acne,Tinea,0.65454930
C:\Updated_Project\CroppedData\Acne\acne-pustular-12.jpeg,Acne,Tinea,0.40651774
C:\Updated_Project\CroppedData\Acne\acne-pustular-13.jpeg,Acne,Tinea,0.53154725
C:\Updated_Project\CroppedData\Acne\acne-pustular-14.jpeg,Acne,Tinea,0.55314249
C:\Updated_Project\CroppedData\Acne\acne-pustular-31.jpeg,Acne,Tinea,0.39637995
C:\Updated_Project\CroppedData\Acne\acne-pustular-33.jpeg,Acne,Tinea,0.51055461
C:\Updated_Project\CroppedData\Acne\acne-pustular-38.jpeg,Acne,Psoriasis,0.63646060
C:\Updated_Project\CroppedData\Acne\acne-pustular-39.jpeg,Acne,Psoriasis,0.43024045
C:\Updated_Project\CroppedData\Acne\acne-pustular-4.jpeg,Acne,Psoriasis,0.38477767
C:\Updated_Project\CroppedData\Acne\acne-pustular-42.jpeg,Acne,Psoriasis,0.67845857
C:\Updated_Project\CroppedData\Acne\acne-pustular-45.jpeg,Acne,Psoriasis,0.41328034
C:\Updated_Project\CroppedData\Acne\acne-pustular-47.jpeg,Acne,Psoriasis,0.66611928
C:\Updated_Project\CroppedData\Acne\acne-pustular-50.jpeg,Acne,Psoriasis,0.45855942
C:\Updated_Project\CroppedData\Acne\acne-pustular-52.jpeg,Acne,Tinea,0.41813877
C:\Updated_Project\CroppedData\Acne\acne-pustular-53.jpeg,Acne,Tinea,0.48978350
C:\Updated_Project\CroppedData\Acne\acne-pustular-54.jpeg,Acne,Psoriasis,0.51584631
C:\Updated_Project\CroppedData\Acne\acne-pustular-55.jpeg,Acne,Tinea,0.55591589
C:\Updated_Project\CroppedData\Acne\acne-pustular-57.jpeg,Acne,Tinea,0.42232794
C:\Updated_Project\CroppedData\Acne\acne-pustular-61.jpeg,Acne,Tinea,0.51634759
C:\Updated_Project\CroppedData\Acne\acne-pustular-63.jpeg,Acne,Tinea,0.53613478
C:\Updated_Project\CroppedData\Acne\acne-pustular-69.jpeg,Acne,Tinea,0.36579257
C:\Updated_Project\CroppedData\Acne\acne-scar-1.jpeg,Acne,Psoriasis,0.49350512
C:\Updated_Project\CroppedData\Acne\acne-scar-2.jpeg,Acne,Psoriasis,0.38415572
C:\Updated_Project\CroppedData\Acne\acne-vulgaris-0001__ProtectWyJQcm90ZWN0Il0_FocusFillWzI5NCwyMjIsIngiLDFd.jpeg,Acne,Psoriasis,0.55995703
C:\Updated_Project\CroppedData\Psoriasis\08PsoriasisAnalPink1216.jpeg,Psoriasis,Tinea,0.54377264
C:\Updated_Project\CroppedData\Psoriasis\08PsoriasisGroin1.jpeg,Psoriasis,Tinea,0.48260027
C:\Updated_Project\CroppedData\Psoriasis\08PsoriasisIntertrigo.jpeg,Psoriasis,Tinea,0.46556517
C:\Updated_Project\CroppedData\Psoriasis\08psoriasisAnus.jpeg,Psoriasis,Tinea,0.58810204
C:\Updated_Project\CroppedData\Psoriasis\08psoriasisIntertrig020606.jpeg,Psoriasis,Tinea,0.49594346
C:\Updated_Project\CroppedData\Psoriasis\08psoriasisIntertrig0206061.jpeg,Psoriasis,Tinea,0.55461842
C:\Updated_Project\CroppedData\Psoriasis\3570__ProtectWyJQcm90ZWN0Il0_FocusFillWzI5NCwyMjIsIngiLDFd.jpeg,Psoriasis,Tinea,0.42167786
C:\Updated_Project\CroppedData\Psoriasis\8Psoriasis1-226.jpeg,Psoriasis,Tinea,0.52912486
C:\Updated_Project\CroppedData\Psoriasis\8Psoriasis2-127.jpeg,Psoriasis,Tinea,0.64610344
C:\Updated_Project\CroppedData\Psoriasis\8Psoriasis2-130.jpeg,Psoriasis,Tinea,0.34457842
C:\Updated_Project\CroppedData\Psoriasis\Psoriasis-Anus-1.jpeg,Psoriasis,Tinea,0.50772065
C:\Updated_Project\CroppedData\Psoriasis\Psoriasis-Anus-10.jpeg,Psoriasis,Tinea,0.50198364
C:\Updated_Project\CroppedData\Psoriasis\Psoriasis-Anus-15.jpeg,Psoriasis,Tinea,0.52159786
C:\Updated_Project\CroppedData\Psoriasis\Psoriasis-Anus-18.jpeg,Psoriasis,Tinea,0.38220829
C:\Updated_Project\CroppedData\Psoriasis\Psoriasis-Anus-2.jpeg,Psoriasis,Tinea,0.63803023
C:\Updated_Project\CroppedData\Psoriasis\Psoriasis-Anus-3.jpeg,Psoriasis,Tinea,0.69899464
C:\Updated_Project\CroppedData\Psoriasis\Psoriasis-Anus-4.jpeg,Psoriasis,Tinea,0.59555876
C:\Updated_Project\CroppedData\Psoriasis\Psoriasis-Anus-5.jpeg,Psoriasis,Tinea,0.44355378
C:\Updated_Project\CroppedData\Psoriasis\Psoriasis-Anus-6.jpeg,Psoriasis,Tinea,0.47783938
C:\Updated_Project\CroppedData\Psoriasis\Psoriasis-Anus-8.jpeg,Psoriasis,Tinea,0.49174890
C:\Updated_Project\CroppedData\Psoriasis\Psoriasis-Chronic-Plaque-104.jpeg,Psoriasis,Tinea,0.47462019
C:\Updated_Project\CroppedData\Psoriasis\Psoriasis-Chronic-Plaque-126.jpeg,Psoriasis,Tinea,0.61949879
C:\Updated_Project\CroppedData\Psoriasis\Psoriasis-Chronic-Plaque-131.jpeg,Psoriasis,Tinea,0.48937979
C:\Updated_Project\CroppedData\Psoriasis\Psoriasis-Chronic-Plaque-132.jpeg,Psoriasis,Tinea,0.59705770
C:\Updated_Project\CroppedData\Psoriasis\Psoriasis-Chronic-Plaque-137.jpeg,Psoriasis,Tinea,0.58813584
C:\Updated_Project\CroppedData\Psoriasis\Psoriasis-Chronic-Plaque-167.jpeg,Psoriasis,Tinea,0.53236127
C:\Updated_Project\CroppedData\Psoriasis\Psoriasis-Chronic-Plaque-169.jpeg,Psoriasis,Tinea,0.61267728
C:\Updated_Project\CroppedData\Psoriasis\Psoriasis-Chronic-Plaque-180.jpeg,Psoriasis,Tinea,0.61186570
C:\Updated_Project\CroppedData\Psoriasis\Psoriasis-Chronic-Plaque-181.jpeg,Psoriasis,Tinea,0.44730172
C:\Updated_Project\CroppedData\Psoriasis\Psoriasis-Chronic-Plaque-184.jpeg,Psoriasis,Tinea,0.51868707
C:\Updated_Project\CroppedData\Psoriasis\Psoriasis-Chronic-Plaque-185.jpeg,Psoriasis,Acne,0.45017540
C:\Updated_Project\CroppedData\Psoriasis\Psoriasis-Chronic-Plaque-92.jpeg,Psoriasis,Tinea,0.50974798
C:\Updated_Project\CroppedData\Psoriasis\Psoriasis-Chronic-Plaque-98.jpeg,Psoriasis,Tinea,0.51199061
C:\Updated_Project\CroppedData\Psoriasis\Psoriasis-Guttate-10.jpeg,Psoriasis,Acne,0.68132967
C:\Updated_Project\CroppedData\Psoriasis\Psoriasis-Guttate-101.jpeg,Psoriasis,Acne,0.44932902
C:\Updated_Project\CroppedData\Psoriasis\Psoriasis-Guttate-105.jpeg,Psoriasis,Acne,0.53609097
C:\Updated_Project\CroppedData\Psoriasis\Psoriasis-Guttate-107.jpeg,Psoriasis,Tinea,0.57089454
C:\Updated_Project\CroppedData\Psoriasis\Psoriasis-Guttate-12.jpeg,Psoriasis,Tinea,0.50609958
C:\Updated_Project\CroppedData\Psoriasis\Psoriasis-Guttate-121.jpeg,Psoriasis,Acne,0.45368651
C:\Updated_Project\CroppedData\Psoriasis\Psoriasis-Guttate-34.jpeg,Psoriasis,Tinea,0.59690833
C:\Updated_Project\CroppedData\Psoriasis\Psoriasis-Guttate-43.jpeg,Psoriasis,Acne,0.44431353
C:\Updated_Project\CroppedData\Psoriasis\Psoriasis-Guttate-48.jpeg,Psoriasis,Tinea,0.49380341
C:\Updated_Project\CroppedData\Psoriasis\Psoriasis-Guttate-49.jpeg,Psoriasis,Tinea,0.46034300
C:\Updated_Project\CroppedData\Psoriasis\Psoriasis-Guttate-51.jpeg,Psoriasis,Acne,0.41696239
C:\Updated_Project\CroppedData\Psoriasis\Psoriasis-Guttate-52.jpeg,Psoriasis,Tinea,0.52675676
C:\Updated_Project\CroppedData\Psoriasis\Psoriasis-Guttate-53.jpeg,Psoriasis,Tinea,0.49190024
C:\Updated_Project\CroppedData\Psoriasis\Psoriasis-Guttate-55.jpeg,Psoriasis,Tinea,0.42694327
C:\Updated_Project\CroppedData\Psoriasis\Psoriasis-Guttate-56.jpeg,Psoriasis,Acne,0.53334105
C:\Updated_Project\CroppedData\Psoriasis\Psoriasis-Guttate-57.jpeg,Psoriasis,Tinea,0.57240289
C:\Updated_Project\CroppedData\Psoriasis\Psoriasis-Guttate-59.jpeg,Psoriasis,Acne,0.42930156
C:\Updated_Project\CroppedData\Psoriasis\Psoriasis-Guttate-60.jpeg,Psoriasis,Tinea,0.61863267
C:\Updated_Project\CroppedData\Psoriasis\Psoriasis-Guttate-62.jpeg,Psoriasis,Acne,0.64435154
C:\Updated_Project\CroppedData\Psoriasis\Psoriasis-Guttate-67.jpeg,Psoriasis,Tinea,0.44184878
C:\Updated_Project\CroppedData\Psoriasis\Psoriasis-Guttate-72.jpeg,Psoriasis,Acne,0.43986186
C:\Updated_Project\CroppedData\Psoriasis\Psoriasis-Guttate-75.jpeg,Psoriasis,Acne,0.74843663
C:\Updated_Project\CroppedData\Psoriasis\Psoriasis-Guttate-76.jpeg,Psoriasis,Tinea,0.54319125
C:\Updated_Project\CroppedData\Psoriasis\Psoriasis-Guttate-78.jpeg,Psoriasis,Acne,0.88234466
C:\Updated_Project\CroppedData\Psoriasis\Psoriasis-Guttate-79.jpeg,Psoriasis,Acne,0.58608800
C:\Updated_Project\CroppedData\Psoriasis\Psoriasis-Guttate-92.jpeg,Psoriasis,Acne,0.40845552
C:\Updated_Project\CroppedData\Psoriasis\Psoriasis-Guttate-96.jpeg,Psoriasis,Acne,0.48914272
C:\Updated_Project\CroppedData\Psoriasis\Psoriasis-HIV-4.jpeg,Psoriasis,Tinea,0.43933582
C:\Updated_Project\CroppedData\Psoriasis\Psoriasis-HIV-6.jpeg,Psoriasis,Tinea,0.69963759
C:\Updated_Project\CroppedData\Psoriasis\Psoriasis-Hand-11.jpeg,Psoriasis,Tinea,0.58423287
C:\Updated_Project\CroppedData\Psoriasis\Psoriasis-Hand-12.jpeg,Psoriasis,Tinea,0.49395892
C:\Updated_Project\CroppedData\Psoriasis\Psoriasis-Hand-31.jpeg,Psoriasis,Tinea,0.57167244
C:\Updated_Project\CroppedData\Psoriasis\Psoriasis-Hand-36.jpeg,Psoriasis,Tinea,0.76024652
C:\Updated_Project\CroppedData\Psoriasis\Psoriasis-Hand-40.jpeg,Psoriasis,Tinea,0.67414927
C:\Updated_Project\CroppedData\Psoriasis\Psoriasis-Hand-49.jpeg,Psoriasis,Tinea,0.74593377
C:\Updated_Project\CroppedData\Psoriasis\Psoriasis-Hand-5.jpeg,Psoriasis,Tinea,0.56027591
C:\Updated_Project\CroppedData\Psoriasis\Psoriasis-Hand-51.jpeg,Psoriasis,Tinea,0.55960488
C:\Updated_Project\CroppedData\Psoriasis\Psoriasis-Hand-59.jpeg,Psoriasis,Tinea,0.55670059
C:\Updated_Project\CroppedData\Psoriasis\Psoriasis-Hand-6.jpeg,Psoriasis,Tinea,0.67300636
C:\Updated_Project\CroppedData\Psoriasis\Psoriasis-Interferon-Injection-0823042.jpeg,Psoriasis,Tinea,0.65678287
C:\Updated_Project\CroppedData\Psoriasis\Psoriasis-Interferon-Injection-08230425.jpeg,Psoriasis,Tinea,0.65246809
C:\Updated_Project\CroppedData\Psoriasis\Psoriasis-Interferon-Injection-08230426.jpeg,Psoriasis,Tinea,0.51371932
C:\Updated_Project\CroppedData\Psoriasis\Psoriasis-Light-Sensative-7.jpeg,Psoriasis,Tinea,0.52377570
C:\Updated_Project\CroppedData\Psoriasis\Psoriasis-Post-Ampicillian-060704.jpeg,Psoriasis,Tinea,0.47632396
C:\Updated_Project\CroppedData\Psoriasis\Psoriasis-Trunk-052504.jpeg,Psoriasis,Tinea,0.59056491
C:\Updated_Project\CroppedData\Psoriasis\Psoriasis-infant-5.jpeg,Psoriasis,Tinea,0.42707488
C:\Updated_Project\CroppedData\Psoriasis\Psoriasis-infant-6.jpeg,Psoriasis,Tinea,0.38397941
C:\Updated_Project\CroppedData\Psoriasis\Psoriasis-inversus-10.jpeg,Psoriasis,Tinea,0.56281579
C:\Updated_Project\CroppedData\Psoriasis\Psoriasis-inversus-11.jpeg,Psoriasis,Tinea,0.42914769
C:\Updated_Project\CroppedData\Psoriasis\Psoriasis-inversus-12.jpeg,Psoriasis,Tinea,0.42146084
C:\Updated_Project\CroppedData\Psoriasis\Psoriasis-inversus-13.jpeg,Psoriasis,Tinea,0.47652864
C:\Updated_Project\CroppedData\Psoriasis\Psoriasis-inversus-14.jpeg,Psoriasis,Tinea,0.61572218
C:\Updated_Project\CroppedData\Psoriasis\Psoriasis-inversus-16.jpeg,Psoriasis,Tinea,0.70815217
C:\Updated_Project\CroppedData\Psoriasis\Psoriasis-inversus-17.jpeg,Psoriasis,Tinea,0.40283126
C:\Updated_Project\CroppedData\Psoriasis\Psoriasis-inversus-2.jpeg,Psoriasis,Tinea,0.54754949
C:\Updated_Project\CroppedData\Psoriasis\Psoriasis-inversus-21.jpeg,Psoriasis,Tinea,0.68227500
C:\Updated_Project\CroppedData\Psoriasis\Psoriasis-inversus-22.jpeg,Psoriasis,Tinea,0.53820318
C:\Updated_Project\CroppedData\Psoriasis\Psoriasis-inversus-25.jpeg,Psoriasis,Tinea,0.66855508
C:\Updated_Project\CroppedData\Psoriasis\Psoriasis-inversus-27.jpeg,Psoriasis,Tinea,0.53506672
C:\Updated_Project\CroppedData\Psoriasis\Psoriasis-inversus-29.jpeg,Psoriasis,Tinea,0.70419967
C:\Updated_Project\CroppedData\Psoriasis\Psoriasis-inversus-3.jpeg,Psoriasis,Tinea,0.60654032
C:\Updated_Project\CroppedData\Psoriasis\Psoriasis-inversus-30.jpeg,Psoriasis,Tinea,0.82882667
C:\Updated_Project\CroppedData\Psoriasis\Psoriasis-inversus-33.jpeg,Psoriasis,Tinea,0.58949202
C:\Updated_Project\CroppedData\Psoriasis\Psoriasis-inversus-4.jpeg,Psoriasis,Tinea,0.56694824
C:\Updated_Project\CroppedData\Psoriasis\Psoriasis-inversus-7.jpeg,Psoriasis,Tinea,0.72299665
C:\Updated_Project\CroppedData\Psoriasis\Psoriasis-inversus-8.jpeg,Psoriasis,Tinea,0.69675785
C:\Updated_Project\CroppedData\Psoriasis\Psoriasis-inversus-9.jpeg,Psoriasis,Tinea,0.60870105
C:\Updated_Project\CroppedData\Psoriasis\Psoriasis-nails-24.jpeg,Psoriasis,Vitiligo,0.55284458
C:\Updated_Project\CroppedData\Psoriasis\Psoriasis-nails-30.jpeg,Psoriasis,Tinea,0.54817653
C:\Updated_Project\CroppedData\Psoriasis\Psoriasis-nails-31.jpeg,Psoriasis,Tinea,0.50588006
C:\Updated_Project\CroppedData\Psoriasis\Psoriasis-nails-32.jpeg,Psoriasis,Tinea,0.52781010
C:\Updated_Project\CroppedData\Psoriasis\Psoriasis-nails-5.jpeg,Psoriasis,Tinea,0.53892148
C:\Updated_Project\CroppedData\Psoriasis\Psoriasis-nails-8.jpeg,Psoriasis,Tinea,0.60989529
C:\Updated_Project\CroppedData\Psoriasis\Psoriasis-penis-13.jpeg,Psoriasis,Tinea,0.68492889
C:\Updated_Project\CroppedData\Psoriasis\Psoriasis-penis-18.jpeg,Psoriasis,Tinea,0.52917022
C:\Updated_Project\CroppedData\Psoriasis\Psoriasis-penis-2.jpeg,Psoriasis,Tinea,0.49007156
C:\Updated_Project\CroppedData\Psoriasis\Psoriasis-penis-27.jpeg,Psoriasis,Tinea,0.51453042
C:\Updated_Project\CroppedData\Psoriasis\Psoriasis-sunburn-4.jpeg,Psoriasis,Tinea,0.46850681
C:\Updated_Project\CroppedData\Psoriasis\Psoriasis-treatment-5.jpeg,Psoriasis,Tinea,0.53829986
C:\Updated_Project\CroppedData\Psoriasis\Psoriasis-treatment-6.jpeg,Psoriasis,Vitiligo,0.85579598
C:\Updated_Project\CroppedData\Psoriasis\Psoriasis-treatment-7.jpeg,Psoriasis,Tinea,0.47757366
C:\Updated_Project\CroppedData\Psoriasis\Psoriasis-vulva-1.jpeg,Psoriasis,Tinea,0.71120173
C:\Updated_Project\CroppedData\Psoriasis\Psoriasis_9ec5675e95.jpg,Psoriasis,Vitiligo,0.40915966
C:\Updated_Project\CroppedData\Psoriasis\Psoriasis_d20ea77bf3.jpg,Psoriasis,Tinea,0.50914806
C:\Updated_Project\CroppedData\Psoriasis\facial-psoriasis02__ProtectWyJQcm90ZWN0Il0_FocusFillWzI5NCwyMjIsIngiLDFd.jpeg,Psoriasis,Acne,0.38535386
C:\Updated_Project\CroppedData\Psoriasis\facial-psoriasis05__ProtectWyJQcm90ZWN0Il0_FocusFillWzI5NCwyMjIsIngiLDFd.jpeg,Psoriasis,Tinea,0.43687662
C:\Updated_Project\CroppedData\Psoriasis\facial-psoriasis09__ProtectWyJQcm90ZWN0Il0_FocusFillWzI5NCwyMjIsIngiLDFd.jpeg,Psoriasis,Acne,0.41275990
C:\Updated_Project\CroppedData\Psoriasis\facial-psoriasis11__ProtectWyJQcm90ZWN0Il0_FocusFillWzI5NCwyMjIsIngiLDFd.jpeg,Psoriasis,Tinea,0.50912011
C:\Updated_Project\CroppedData\Psoriasis\facial-psoriasis12__ProtectWyJQcm90ZWN0Il0_FocusFillWzI5NCwyMjIsIngiLDFd.jpeg,Psoriasis,Acne,0.66919136
C:\Updated_Project\CroppedData\Psoriasis\facial-psoriasis15__ProtectWyJQcm90ZWN0Il0_FocusFillWzI5NCwyMjIsIngiLDFd.jpeg,Psoriasis,Acne,0.37703824
C:\Updated_Project\CroppedData\Psoriasis\facial-psoriasis16__ProtectWyJQcm90ZWN0Il0_FocusFillWzI5NCwyMjIsIngiLDFd.jpeg,Psoriasis,Acne,0.62574095
C:\Updated_Project\CroppedData\Psoriasis\facial-psoriasis19__ProtectWyJQcm90ZWN0Il0_FocusFillWzI5NCwyMjIsInkiLDJd.jpeg,Psoriasis,Tinea,0.47582865
C:\Updated_Project\CroppedData\Psoriasis\facial-psoriasis22__ProtectWyJQcm90ZWN0Il0_FocusFillWzI5NCwyMjIsIngiLDFd.jpeg,Psoriasis,Acne,0.63115984
C:\Updated_Project\CroppedData\Psoriasis\facial-psoriasis23__ProtectWyJQcm90ZWN0Il0_FocusFillWzI5NCwyMjIsIngiLDFd.jpeg,Psoriasis,Acne,0.97869968
C:\Updated_Project\CroppedData\Psoriasis\facial-psoriasis26__ProtectWyJQcm90ZWN0Il0_FocusFillWzI5NCwyMjIsIngiLDFd.jpeg,Psoriasis,Acne,0.68793684
C:\Updated_Project\CroppedData\Psoriasis\facial-psoriasis27__ProtectWyJQcm90ZWN0Il0_FocusFillWzI5NCwyMjIsIngiLDFd.jpeg,Psoriasis,Acne,0.80618709
C:\Updated_Project\CroppedData\Psoriasis\psoriasis-Chronic-plaque-00316.jpeg,Psoriasis,Tinea,0.62390172
C:\Updated_Project\CroppedData\Psoriasis\psoriasis-Chronic-plaque-00325.jpeg,Psoriasis,Tinea,0.57267380
C:\Updated_Project\CroppedData\Psoriasis\psoriasis-digits-1.jpeg,Psoriasis,Tinea,0.54701483
C:\Updated_Project\CroppedData\Psoriasis\psoriasis-digits-2.jpeg,Psoriasis,Tinea,0.58741909
C:\Updated_Project\CroppedData\Psoriasis\psoriasis-erythrodermic-16.jpeg,Psoriasis,Tinea,0.47640410
C:\Updated_Project\CroppedData\Psoriasis\psoriasis-erythrodermic-18.jpeg,Psoriasis,Tinea,0.50897956
C:\Updated_Project\CroppedData\Psoriasis\psoriasis-erythrodermic-19.jpeg,Psoriasis,Tinea,0.58435625
C:\Updated_Project\CroppedData\Psoriasis\psoriasis-erythrodermic-21.jpeg,Psoriasis,Tinea,0.47393715
C:\Updated_Project\CroppedData\Psoriasis\psoriasis-erythrodermic-28.jpeg,Psoriasis,Tinea,0.59475356
C:\Updated_Project\CroppedData\Psoriasis\psoriasis-erythrodermic-3.jpeg,Psoriasis,Tinea,0.54512793
C:\Updated_Project\CroppedData\Psoriasis\psoriasis-palms-soles-10.jpeg,Psoriasis,Tinea,0.48963219
C:\Updated_Project\CroppedData\Psoriasis\psoriasis-palms-soles-105.jpeg,Psoriasis,Tinea,0.52795148
C:\Updated_Project\CroppedData\Psoriasis\psoriasis-palms-soles-113.jpeg,Psoriasis,Tinea,0.51706558
C:\Updated_Project\CroppedData\Psoriasis\psoriasis-palms-soles-130.jpeg,Psoriasis,Tinea,0.53186393
C:\Updated_Project\CroppedData\Psoriasis\psoriasis-palms-soles-133.jpeg,Psoriasis,Tinea,0.51806211
C:\Updated_Project\CroppedData\Psoriasis\psoriasis-palms-soles-134.jpeg,Psoriasis,Tinea,0.56571269
C:\Updated_Project\CroppedData\Psoriasis\psoriasis-palms-soles-135.jpeg,Psoriasis,Tinea,0.53146613
C:\Updated_Project\CroppedData\Psoriasis\psoriasis-palms-soles-157.jpeg,Psoriasis,Tinea,0.59457099
C:\Updated_Project\CroppedData\Psoriasis\psoriasis-palms-soles-159.jpeg,Psoriasis,Tinea,0.58398467
C:\Updated_Project\CroppedData\Psoriasis\psoriasis-palms-soles-163.jpeg,Psoriasis,Tinea,0.52965206
C:\Updated_Project\CroppedData\Psoriasis\psoriasis-palms-soles-183.jpeg,Psoriasis,Tinea,0.49368131
C:\Updated_Project\CroppedData\Psoriasis\psoriasis-palms-soles-185.jpeg,Psoriasis,Tinea,0.54111528
C:\Updated_Project\CroppedData\Psoriasis\psoriasis-palms-soles-186.jpeg,Psoriasis,Tinea,0.51665592
C:\Updated_Project\CroppedData\Psoriasis\psoriasis-palms-soles-189.jpeg,Psoriasis,Tinea,0.48888606
C:\Updated_Project\CroppedData\Psoriasis\psoriasis-palms-soles-19.jpeg,Psoriasis,Tinea,0.46296141
C:\Updated_Project\CroppedData\Psoriasis\psoriasis-palms-soles-191.jpeg,Psoriasis,Tinea,0.65872073
C:\Updated_Project\CroppedData\Psoriasis\psoriasis-palms-soles-197.jpeg,Psoriasis,Tinea,0.49699613
C:\Updated_Project\CroppedData\Psoriasis\psoriasis-palms-soles-96.jpeg,Psoriasis,Tinea,0.53696036
C:\Updated_Project\CroppedData\Psoriasis\psoriasis-pustular-generalized-10.jpeg,Psoriasis,Tinea,0.48969337
C:\Updated_Project\CroppedData\Psoriasis\psoriasis-pustular-generalized-11.jpeg,Psoriasis,Tinea,0.54735488
C:\Updated_Project\CroppedData\Psoriasis\psoriasis-pustular-generalized-22.jpeg,Psoriasis,Tinea,0.54120439
C:\Updated_Project\CroppedData\Psoriasis\psoriasis-pustular-generalized-26.jpeg,Psoriasis,Acne,0.49544868
C:\Updated_Project\CroppedData\Psoriasis\psoriasis-pustular-generalized-27.jpeg,Psoriasis,Tinea,0.44013599
C:\Updated_Project\CroppedData\Psoriasis\psoriasis-pustular-generalized-35.jpeg,Psoriasis,Tinea,0.48134029
C:\Updated_Project\CroppedData\Psoriasis\psoriasis-pustular-generalized-37.jpeg,Psoriasis,Tinea,0.49595743
C:\Updated_Project\CroppedData\Psoriasis\psoriasis-pustular-generalized-46.jpeg,Psoriasis,Tinea,0.54231060
C:\Updated_Project\CroppedData\Psoriasis\psoriasis-pustular-generalized-53.jpeg,Psoriasis,Tinea,0.51082182
C:\Updated_Project\CroppedData\Psoriasis\psoriasis-pustular-generalized-54.jpeg,Psoriasis,Tinea,0.69690382
C:\Updated_Project\CroppedData\Psoriasis\psoriasis-pustular-generalized-60.jpeg,Psoriasis,Tinea,0.51243228
C:\Updated_Project\CroppedData\Psoriasis\psoriasis-scalp-1.jpeg,Psoriasis,Tinea,0.61506081
C:\Updated_Project\CroppedData\Psoriasis\psoriasis-scalp-103.jpeg,Psoriasis,Vitiligo,0.34734857
C:\Updated_Project\CroppedData\Psoriasis\psoriasis-scalp-105.jpeg,Psoriasis,Tinea,0.43805191
C:\Updated_Project\CroppedData\Psoriasis\psoriasis-scalp-17.jpeg,Psoriasis,Tinea,0.59354150
C:\Updated_Project\CroppedData\Psoriasis\psoriasis-scalp-28.jpeg,Psoriasis,Tinea,0.59548557
C:\Updated_Project\CroppedData\Psoriasis\psoriasis-scalp-36.jpeg,Psoriasis,Tinea,0.54281020
C:\Updated_Project\CroppedData\Psoriasis\psoriasis-scalp-37.jpeg,Psoriasis,Tinea,0.59929192
C:\Updated_Project\CroppedData\Psoriasis\psoriasis-scalp-38.jpeg,Psoriasis,Tinea,0.40933385
C:\Updated_Project\CroppedData\Psoriasis\psoriasis-scalp-41.jpeg,Psoriasis,Tinea,0.69796473
C:\Updated_Project\CroppedData\Psoriasis\psoriasis-scalp-46.jpeg,Psoriasis,Tinea,0.40965492
C:\Updated_Project\CroppedData\Psoriasis\psoriasis-scalp-49.jpeg,Psoriasis,Tinea,0.46589452
C:\Updated_Project\CroppedData\Psoriasis\psoriasis-scalp-51.jpeg,Psoriasis,Tinea,0.46901301
C:\Updated_Project\CroppedData\Psoriasis\psoriasis-scalp-52.jpeg,Psoriasis,Tinea,0.51734936
C:\Updated_Project\CroppedData\Psoriasis\psoriasis-scalp-54.jpeg,Psoriasis,Tinea,0.50272262
C:\Updated_Project\CroppedData\Psoriasis\psoriasis-scalp-62.jpeg,Psoriasis,Tinea,0.54160899
C:\Updated_Project\CroppedData\Psoriasis\psoriasis-scalp-65.jpeg,Psoriasis,Tinea,0.44841725
C:\Updated_Project\CroppedData\Psoriasis\psoriasis-scalp-71.jpeg,Psoriasis,Tinea,0.51859629
C:\Updated_Project\CroppedData\Psoriasis\psoriasis-scalp-75.jpeg,Psoriasis,Tinea,0.61185962
C:\Updated_Project\CroppedData\Psoriasis\psoriasis-scalp-77.jpeg,Psoriasis,Tinea,0.48786101
C:\Updated_Project\CroppedData\Psoriasis\psoriasis-scalp-78.jpeg,Psoriasis,Tinea,0.50388080
C:\Updated_Project\CroppedData\Psoriasis\psoriasis-scalp-79.jpeg,Psoriasis,Tinea,0.57010329
C:\Updated_Project\CroppedData\Psoriasis\psoriasis-scalp-80.jpeg,Psoriasis,Tinea,0.56762850
C:\Updated_Project\CroppedData\Psoriasis\psoriasis-scalp-82.jpeg,Psoriasis,Tinea,0.54256815
C:\Updated_Project\CroppedData\Psoriasis\psoriasis-scalp-84.jpeg,Psoriasis,Tinea,0.49217713
C:\Updated_Project\CroppedData\Psoriasis\psoriasis-scalp-86.jpeg,Psoriasis,Tinea,0.49968055
C:\Updated_Project\CroppedData\Psoriasis\psoriasis-scalp-87.jpeg,Psoriasis,Tinea,0.63605160
C:\Updated_Project\CroppedData\Psoriasis\psoriasis-scalp-88.jpeg,Psoriasis,Vitiligo,0.43233210
C:\Updated_Project\CroppedData\Psoriasis\psoriasis-scalp-98.jpeg,Psoriasis,Tinea,0.54141605
C:\Updated_Project\CroppedData\Psoriasis\scalp-psoriasis-0001__ProtectWyJQcm90ZWN0Il0_FocusFillWzI5NCwyMjIsIngiLDFd.jpeg,Psoriasis,Tinea,0.49141514
C:\Updated_Project\CroppedData\Psoriasis\scalp-psoriasis-0004__ProtectWyJQcm90ZWN0Il0_FocusFillWzI5NCwyMjIsIngiLDFd.jpeg,Psoriasis,Vitiligo,0.61155206
C:\Updated_Project\CroppedData\Psoriasis\scalp-psoriasis-0009__ProtectWyJQcm90ZWN0Il0_FocusFillWzI5NCwyMjIsIngiLDFd.jpeg,Psoriasis,Tinea,0.47616833
C:\Updated_Project\CroppedData\Psoriasis\scalp-psoriasis-0011__ProtectWyJQcm90ZWN0Il0_FocusFillWzI5NCwyMjIsIngiLDFd.jpeg,Psoriasis,Tinea,0.45662478
C:\Updated_Project\CroppedData\Psoriasis\scalp-psoriasis-0016__ProtectWyJQcm90ZWN0Il0_FocusFillWzI5NCwyMjIsInkiLDg1XQ.jpeg,Psoriasis,Vitiligo,0.59288907
C:\Updated_Project\CroppedData\Tinea\13TineaAcute.jpeg,Tinea,Psoriasis,0.51785427
C:\Updated_Project\CroppedData\Tinea\13TineaAnkle5.jpeg,Tinea,Psoriasis,0.55222833
C:\Updated_Project\CroppedData\Tinea\13TineaIncognito2.jpeg,Tinea,Psoriasis,0.48208135
C:\Updated_Project\CroppedData\Tinea\13tineaCApitis98-GP3.jpeg,Tinea,Psoriasis,0.39304534
C:\Updated_Project\CroppedData\Tinea\13tineaCorporis0808059.jpeg,Tinea,Psoriasis,0.70614773
C:\Updated_Project\CroppedData\Tinea\13tineaPed121905.jpeg,Tinea,Psoriasis,0.71314114
C:\Updated_Project\CroppedData\Tinea\Tinea_1b095d769f.jpg,Tinea,Psoriasis,0.36236370
C:\Updated_Project\CroppedData\Tinea\Tinea_26fae943d8.jpg,Tinea,Psoriasis,0.50741702
C:\Updated_Project\CroppedData\Tinea\Tinea_64866d8495.jpg,Tinea,Psoriasis,0.61242580
C:\Updated_Project\CroppedData\Tinea\Tinea_a851adf5a4.jpg,Tinea,Psoriasis,0.49345857
C:\Updated_Project\CroppedData\Tinea\Tinea_c742bedf00.jpg,Tinea,Psoriasis,0.55900264
C:\Updated_Project\CroppedData\Tinea\Tinea_ce586d10ea.jpg,Tinea,Psoriasis,0.43891230
C:\Updated_Project\CroppedData\Tinea\tincorp12__ProtectWyJQcm90ZWN0Il0_FocusFillWzI5NCwyMjIsIngiLDBd.jpeg,Tinea,Psoriasis,0.42664063
C:\Updated_Project\CroppedData\Tinea\tincorp13__ProtectWyJQcm90ZWN0Il0_FocusFillWzI5NCwyMjIsInkiLDM2XQ.jpeg,Tinea,Acne,0.66043371
C:\Updated_Project\CroppedData\Tinea\tincorp14__ProtectWyJQcm90ZWN0Il0_FocusFillWzI5NCwyMjIsInkiLDM2XQ.jpeg,Tinea,Acne,0.54514307
C:\Updated_Project\CroppedData\Tinea\tincorp15__ProtectWyJQcm90ZWN0Il0_FocusFillWzI5NCwyMjIsIngiLDFd.jpeg,Tinea,Psoriasis,0.57421190
C:\Updated_Project\CroppedData\Tinea\tincorp16__ProtectWyJQcm90ZWN0Il0_FocusFillWzI5NCwyMjIsIngiLDFd.jpeg,Tinea,Acne,0.47757843
C:\Updated_Project\CroppedData\Tinea\tincorp2__ProtectWyJQcm90ZWN0Il0_FocusFillWzI5NCwyMjIsIngiLDE0XQ.jpeg,Tinea,Psoriasis,0.62547684
C:\Updated_Project\CroppedData\Tinea\tincorp7__ProtectWyJQcm90ZWN0Il0_FocusFillWzI5NCwyMjIsIngiLDFd.jpeg,Tinea,Vitiligo,0.35583338
C:\Updated_Project\CroppedData\Tinea\tincorp9__ProtectWyJQcm90ZWN0Il0_FocusFillWzI5NCwyMjIsInkiLDM2XQ.jpeg,Tinea,Psoriasis,0.75488341
C:\Updated_Project\CroppedData\Tinea\tinea-beard-11.jpeg,Tinea,Acne,0.44893548
C:\Updated_Project\CroppedData\Tinea\tinea-beard-16.jpeg,Tinea,Psoriasis,0.89908791
C:\Updated_Project\CroppedData\Tinea\tinea-beard-19.jpeg,Tinea,Psoriasis,0.54156160
C:\Updated_Project\CroppedData\Tinea\tinea-beard-5.jpeg,Tinea,Psoriasis,0.70571613
C:\Updated_Project\CroppedData\Tinea\tinea-beard-6.jpeg,Tinea,Psoriasis,0.42781612
C:\Updated_Project\CroppedData\Tinea\tinea-beard-9.jpeg,Tinea,Psoriasis,0.47591898
C:\Updated_Project\CroppedData\Tinea\tinea-body-108.jpeg,Tinea,Psoriasis,0.70391822
C:\Updated_Project\CroppedData\Tinea\tinea-body-111.jpeg,Tinea,Psoriasis,0.57784748
C:\Updated_Project\CroppedData\Tinea\tinea-body-112.jpeg,Tinea,Psoriasis,0.43901283
C:\Updated_Project\CroppedData\Tinea\tinea-body-113.jpeg,Tinea,Psoriasis,0.66312307
C:\Updated_Project\CroppedData\Tinea\tinea-body-127.jpeg,Tinea,Psoriasis,0.60096014
C:\Updated_Project\CroppedData\Tinea\tinea-body-128.jpeg,Tinea,Psoriasis,0.41515622
C:\Updated_Project\CroppedData\Tinea\tinea-body-13.jpeg,Tinea,Psoriasis,0.51735526
C:\Updated_Project\CroppedData\Tinea\tinea-body-130.jpeg,Tinea,Psoriasis,0.58093053
C:\Updated_Project\CroppedData\Tinea\tinea-body-138.jpeg,Tinea,Psoriasis,0.82735789
C:\Updated_Project\CroppedData\Tinea\tinea-body-14.jpeg,Tinea,Psoriasis,0.55016994
C:\Updated_Project\CroppedData\Tinea\tinea-body-147.jpeg,Tinea,Psoriasis,0.51922876
C:\Updated_Project\CroppedData\Tinea\tinea-body-148.jpeg,Tinea,Psoriasis,0.50459450
C:\Updated_Project\CroppedData\Tinea\tinea-body-149.jpeg,Tinea,Psoriasis,0.52578354
C:\Updated_Project\CroppedData\Tinea\tinea-body-151.jpeg,Tinea,Psoriasis,0.53140247
C:\Updated_Project\CroppedData\Tinea\tinea-body-156.jpeg,Tinea,Psoriasis,0.48441261
C:\Updated_Project\CroppedData\Tinea\tinea-body-158.jpeg,Tinea,Psoriasis,0.40866593
C:\Updated_Project\CroppedData\Tinea\tinea-body-159.jpeg,Tinea,Psoriasis,0.92830402
C:\Updated_Project\CroppedData\Tinea\tinea-body-161.jpeg,Tinea,Psoriasis,0.59035826
C:\Updated_Project\CroppedData\Tinea\tinea-body-166.jpeg,Tinea,Psoriasis,0.46731332
C:\Updated_Project\CroppedData\Tinea\tinea-body-172.jpeg,Tinea,Psoriasis,0.58119982
C:\Updated_Project\CroppedData\Tinea\tinea-body-179.jpeg,Tinea,Psoriasis,0.55706084
C:\Updated_Project\CroppedData\Tinea\tinea-body-18.jpeg,Tinea,Acne,0.42351255
C:\Updated_Project\CroppedData\Tinea\tinea-body-181.jpeg,Tinea,Psoriasis,0.51120257
C:\Updated_Project\CroppedData\Tinea\tinea-body-185.jpeg,Tinea,Psoriasis,0.43056533
C:\Updated_Project\CroppedData\Tinea\tinea-body-186.jpeg,Tinea,Acne,0.59877193
C:\Updated_Project\CroppedData\Tinea\tinea-body-190.jpeg,Tinea,Psoriasis,0.58422476
C:\Updated_Project\CroppedData\Tinea\tinea-body-197.jpeg,Tinea,Psoriasis,0.61821985
C:\Updated_Project\CroppedData\Tinea\tinea-body-199.jpeg,Tinea,Psoriasis,0.93129301
C:\Updated_Project\CroppedData\Tinea\tinea-body-20.jpeg,Tinea,Psoriasis,0.56435972
C:\Updated_Project\CroppedData\Tinea\tinea-body-200.jpeg,Tinea,Psoriasis,0.78688663
C:\Updated_Project\CroppedData\Tinea\tinea-body-92.jpeg,Tinea,Psoriasis,0.54527426
C:\Updated_Project\CroppedData\Tinea\tinea-body-93.jpeg,Tinea,Psoriasis,0.61474466
C:\Updated_Project\CroppedData\Tinea\tinea-body-95.jpeg,Tinea,Psoriasis,0.61271834
C:\Updated_Project\CroppedData\Tinea\tinea-border-6.jpeg,Tinea,Psoriasis,0.66479576
C:\Updated_Project\CroppedData\Tinea\tinea-face-1.jpeg,Tinea,Psoriasis,0.46030578
C:\Updated_Project\CroppedData\Tinea\tinea-face-11.jpeg,Tinea,Acne,0.44307467
C:\Updated_Project\CroppedData\Tinea\tinea-face-14.jpeg,Tinea,Psoriasis,0.62883914
C:\Updated_Project\CroppedData\Tinea\tinea-face-16.jpeg,Tinea,Psoriasis,0.45171624
C:\Updated_Project\CroppedData\Tinea\tinea-face-25.jpeg,Tinea,Acne,0.47422594
C:\Updated_Project\CroppedData\Tinea\tinea-face-3.jpeg,Tinea,Psoriasis,0.55067813
C:\Updated_Project\CroppedData\Tinea\tinea-face-32.jpeg,Tinea,Acne,0.57103246
C:\Updated_Project\CroppedData\Tinea\tinea-face-33.jpeg,Tinea,Acne,0.36748138
C:\Updated_Project\CroppedData\Tinea\tinea-face-34.jpeg,Tinea,Acne,0.42284128
C:\Updated_Project\CroppedData\Tinea\tinea-face-37.jpeg,Tinea,Acne,0.51800722
C:\Updated_Project\CroppedData\Tinea\tinea-face-50.jpeg,Tinea,Acne,0.36818507
C:\Updated_Project\CroppedData\Tinea\tinea-face-60.jpeg,Tinea,Psoriasis,0.37240788
C:\Updated_Project\CroppedData\Tinea\tinea-face-62.jpeg,Tinea,Psoriasis,0.64601684
C:\Updated_Project\CroppedData\Tinea\tinea-face-63.jpeg,Tinea,Acne,0.46003145
C:\Updated_Project\CroppedData\Tinea\tinea-face-65.jpeg,Tinea,Psoriasis,0.45542550
C:\Updated_Project\CroppedData\Tinea\tinea-face-66.jpeg,Tinea,Psoriasis,0.51408887
C:\Updated_Project\CroppedData\Tinea\tinea-face-67.jpeg,Tinea,Acne,0.48270589
C:\Updated_Project\CroppedData\Tinea\tinea-foot-dorsum-1.jpeg,Tinea,Psoriasis,0.63037044
C:\Updated_Project\CroppedData\Tinea\tinea-foot-dorsum-10.jpeg,Tinea,Psoriasis,0.53047478
C:\Updated_Project\CroppedData\Tinea\tinea-foot-dorsum-26.jpeg,Tinea,Psoriasis,0.86702347
C:\Updated_Project\CroppedData\Tinea\tinea-foot-dorsum-28.jpeg,Tinea,Psoriasis,0.60163790
C:\Updated_Project\CroppedData\Tinea\tinea-foot-dorsum-31.jpeg,Tinea,Psoriasis,0.61104935
C:\Updated_Project\CroppedData\Tinea\tinea-foot-dorsum-34.jpeg,Tinea,Psoriasis,0.78160584
C:\Updated_Project\CroppedData\Tinea\tinea-foot-dorsum-35.jpeg,Tinea,Psoriasis,0.66204238
C:\Updated_Project\CroppedData\Tinea\tinea-foot-dorsum-36.jpeg,Tinea,Psoriasis,0.56303370
C:\Updated_Project\CroppedData\Tinea\tinea-foot-dorsum-38.jpeg,Tinea,Psoriasis,0.52598059
C:\Updated_Project\CroppedData\Tinea\tinea-foot-dorsum-39.jpeg,Tinea,Psoriasis,0.51463431
C:\Updated_Project\CroppedData\Tinea\tinea-foot-dorsum-4.jpeg,Tinea,Psoriasis,0.59473455
C:\Updated_Project\CroppedData\Tinea\tinea-foot-dorsum-40.jpeg,Tinea,Psoriasis,0.63762707
C:\Updated_Project\CroppedData\Tinea\tinea-foot-dorsum-42.jpeg,Tinea,Psoriasis,0.80313182
C:\Updated_Project\CroppedData\Tinea\tinea-foot-dorsum-44.jpeg,Tinea,Psoriasis,0.52497607
C:\Updated_Project\CroppedData\Tinea\tinea-foot-dorsum-46.jpeg,Tinea,Psoriasis,0.66911972
C:\Updated_Project\CroppedData\Tinea\tinea-foot-dorsum-47.jpeg,Tinea,Psoriasis,0.58975434
C:\Updated_Project\CroppedData\Tinea\tinea-foot-dorsum-48.jpeg,Tinea,Psoriasis,0.57141131
C:\Updated_Project\CroppedData\Tinea\tinea-foot-dorsum-50.jpeg,Tinea,Psoriasis,0.66877657
C:\Updated_Project\CroppedData\Tinea\tinea-foot-dorsum-53.jpeg,Tinea,Psoriasis,0.58089298
C:\Updated_Project\CroppedData\Tinea\tinea-foot-dorsum-54.jpeg,Tinea,Psoriasis,0.75957090
C:\Updated_Project\CroppedData\Tinea\tinea-foot-dorsum-57.jpeg,Tinea,Psoriasis,0.50646061
C:\Updated_Project\CroppedData\Tinea\tinea-foot-dorsum-58.jpeg,Tinea,Psoriasis,0.57919306
C:\Updated_Project\CroppedData\Tinea\tinea-foot-dorsum-59.jpeg,Tinea,Psoriasis,0.50065452
C:\Updated_Project\CroppedData\Tinea\tinea-foot-dorsum-6.jpeg,Tinea,Psoriasis,0.87113523
C:\Updated_Project\CroppedData\Tinea\tinea-foot-dorsum-60.jpeg,Tinea,Psoriasis,0.73397660
C:\Updated_Project\CroppedData\Tinea\tinea-foot-dorsum-7.jpeg,Tinea,Psoriasis,0.64392012
C:\Updated_Project\CroppedData\Tinea\tinea-foot-dorsum-9.jpeg,Tinea,Psoriasis,0.55630088
C:\Updated_Project\CroppedData\Tinea\tinea-foot-plantar-1.jpeg,Tinea,Psoriasis,0.64186406
C:\Updated_Project\CroppedData\Tinea\tinea-foot-plantar-12.jpeg,Tinea,Psoriasis,0.87399453
C:\Updated_Project\CroppedData\Tinea\tinea-foot-plantar-22.jpeg,Tinea,Psoriasis,0.56049025
C:\Updated_Project\CroppedData\Tinea\tinea-foot-plantar-23.jpeg,Tinea,Psoriasis,0.59587246
C:\Updated_Project\CroppedData\Tinea\tinea-foot-plantar-24.jpeg,Tinea,Psoriasis,0.49402258
C:\Updated_Project\CroppedData\Tinea\tinea-foot-plantar-25.jpeg,Tinea,Psoriasis,0.61479521
C:\Updated_Project\CroppedData\Tinea\tinea-foot-plantar-28.jpeg,Tinea,Psoriasis,0.69321734
C:\Updated_Project\CroppedData\Tinea\tinea-foot-plantar-35.jpeg,Tinea,Psoriasis,0.65397298
C:\Updated_Project\CroppedData\Tinea\tinea-foot-plantar-36.jpeg,Tinea,Psoriasis,0.92985088
C:\Updated_Project\CroppedData\Tinea\tinea-foot-plantar-37.jpeg,Tinea,Psoriasis,0.70519286
C:\Updated_Project\CroppedData\Tinea\tinea-foot-plantar-42.jpeg,Tinea,Psoriasis,0.58540893
C:\Updated_Project\CroppedData\Tinea\tinea-foot-plantar-43.jpeg,Tinea,Psoriasis,0.70520306
C:\Updated_Project\CroppedData\Tinea\tinea-foot-plantar-46.jpeg,Tinea,Psoriasis,0.61419797
C:\Updated_Project\CroppedData\Tinea\tinea-foot-plantar-49.jpeg,Tinea,Psoriasis,0.69901985
C:\Updated_Project\CroppedData\Tinea\tinea-foot-plantar-5.jpeg,Tinea,Psoriasis,0.53884506
C:\Updated_Project\CroppedData\Tinea\tinea-foot-plantar-51.jpeg,Tinea,Psoriasis,0.62475735
C:\Updated_Project\CroppedData\Tinea\tinea-foot-plantar-53.jpeg,Tinea,Psoriasis,0.74494809
C:\Updated_Project\CroppedData\Tinea\tinea-foot-plantar-54.jpeg,Tinea,Psoriasis,0.82069033
C:\Updated_Project\CroppedData\Tinea\tinea-foot-plantar-57.jpeg,Tinea,Psoriasis,0.51465183
C:\Updated_Project\CroppedData\Tinea\tinea-foot-plantar-6.jpeg,Tinea,Psoriasis,0.54668319
C:\Updated_Project\CroppedData\Tinea\tinea-foot-plantar-7.jpeg,Tinea,Psoriasis,0.55060911
C:\Updated_Project\CroppedData\Tinea\tinea-foot-plantar-9.jpeg,Tinea,Psoriasis,0.71260929
C:\Updated_Project\CroppedData\Tinea\tinea-foot-webs-1.jpeg,Tinea,Psoriasis,0.49345759
C:\Updated_Project\CroppedData\Tinea\tinea-foot-webs-12.jpeg,Tinea,Psoriasis,0.48281121
C:\Updated_Project\CroppedData\Tinea\tinea-foot-webs-13.jpeg,Tinea,Psoriasis,0.61306977
C:\Updated_Project\CroppedData\Tinea\tinea-foot-webs-18.jpeg,Tinea,Psoriasis,0.58197534
C:\Updated_Project\CroppedData\Tinea\tinea-foot-webs-2.jpeg,Tinea,Psoriasis,0.51055396
C:\Updated_Project\CroppedData\Tinea\tinea-foot-webs-20.jpeg,Tinea,Psoriasis,0.52522886
C:\Updated_Project\CroppedData\Tinea\tinea-foot-webs-21.jpeg,Tinea,Psoriasis,0.67085850
C:\Updated_Project\CroppedData\Tinea\tinea-foot-webs-22.jpeg,Tinea,Psoriasis,0.80797398
C:\Updated_Project\CroppedData\Tinea\tinea-foot-webs-26.jpeg,Tinea,Psoriasis,0.65257400
C:\Updated_Project\CroppedData\Tinea\tinea-foot-webs-29.jpeg,Tinea,Psoriasis,0.52431995
C:\Updated_Project\CroppedData\Tinea\tinea-foot-webs-36.jpeg,Tinea,Psoriasis,0.58314854
C:\Updated_Project\CroppedData\Tinea\tinea-foot-webs-38.jpeg,Tinea,Psoriasis,0.67587781
C:\Updated_Project\CroppedData\Tinea\tinea-foot-webs-4.jpeg,Tinea,Psoriasis,0.61948973
C:\Updated_Project\CroppedData\Tinea\tinea-foot-webs-41.jpeg,Tinea,Psoriasis,0.65607852
C:\Updated_Project\CroppedData\Tinea\tinea-foot-webs-43.jpeg,Tinea,Psoriasis,0.77064335
C:\Updated_Project\CroppedData\Tinea\tinea-foot-webs-45.jpeg,Tinea,Psoriasis,0.73530763
C:\Updated_Project\CroppedData\Tinea\tinea-foot-webs-47.jpeg,Tinea,Psoriasis,0.55235559
C:\Updated_Project\CroppedData\Tinea\tinea-foot-webs-50.jpeg,Tinea,Psoriasis,0.48970526
C:\Updated_Project\CroppedData\Tinea\tinea-foot-webs-52.jpeg,Tinea,Psoriasis,0.75140458
C:\Updated_Project\CroppedData\Tinea\tinea-foot-webs-54.jpeg,Tinea,Psoriasis,0.78132206
C:\Updated_Project\CroppedData\Tinea\tinea-foot-webs-55.jpeg,Tinea,Psoriasis,0.53862435
C:\Updated_Project\CroppedData\Tinea\tinea-foot-webs-56.jpeg,Tinea,Psoriasis,0.66493630
C:\Updated_Project\CroppedData\Tinea\tinea-foot-webs-57.jpeg,Tinea,Psoriasis,0.49116415
C:\Updated_Project\CroppedData\Tinea\tinea-foot-webs-59.jpeg,Tinea,Psoriasis,0.51841837
C:\Updated_Project\CroppedData\Tinea\tinea-foot-webs-63.jpeg,Tinea,Psoriasis,0.47270066
C:\Updated_Project\CroppedData\Tinea\tinea-foot-webs-66.jpeg,Tinea,Psoriasis,0.73607761
C:\Updated_Project\CroppedData\Tinea\tinea-foot-webs-73.jpeg,Tinea,Psoriasis,0.69265062
C:\Updated_Project\CroppedData\Tinea\tinea-foot-webs-74.jpeg,Tinea,Psoriasis,0.63131070
C:\Updated_Project\CroppedData\Tinea\tinea-foot-webs-75.jpeg,Tinea,Psoriasis,0.33411607
C:\Updated_Project\CroppedData\Tinea\tinea-foot-webs-78.jpeg,Tinea,Psoriasis,0.59011596
C:\Updated_Project\CroppedData\Tinea\tinea-foot-webs-79.jpeg,Tinea,Psoriasis,0.57443070
C:\Updated_Project\CroppedData\Tinea\tinea-foot-webs-8.jpeg,Tinea,Psoriasis,0.48567691
C:\Updated_Project\CroppedData\Tinea\tinea-foot-webs-81.jpeg,Tinea,Psoriasis,0.49808878
C:\Updated_Project\CroppedData\Tinea\tinea-foot-webs-82.jpeg,Tinea,Psoriasis,0.66231734
C:\Updated_Project\CroppedData\Tinea\tinea-groin-113.jpeg,Tinea,Psoriasis,0.55023211
C:\Updated_Project\CroppedData\Tinea\tinea-groin-114.jpeg,Tinea,Psoriasis,0.52226430
C:\Updated_Project\CroppedData\Tinea\tinea-groin-120.jpeg,Tinea,Psoriasis,0.65347493
C:\Updated_Project\CroppedData\Tinea\tinea-groin-124.jpeg,Tinea,Psoriasis,0.49978897
C:\Updated_Project\CroppedData\Tinea\tinea-groin-134.jpeg,Tinea,Psoriasis,0.77258712
C:\Updated_Project\CroppedData\Tinea\tinea-groin-78.jpeg,Tinea,Psoriasis,0.50876862
C:\Updated_Project\CroppedData\Tinea\tinea-groin-8.jpeg,Tinea,Psoriasis,0.44976252
C:\Updated_Project\CroppedData\Tinea\tinea-groin-99.jpeg,Tinea,Psoriasis,0.52689523
C:\Updated_Project\CroppedData\Tinea\tinea-hand-dorsum-13.jpeg,Tinea,Psoriasis,0.57248574
C:\Updated_Project\CroppedData\Tinea\tinea-hand-dorsum-17.jpeg,Tinea,Psoriasis,0.42930239
C:\Updated_Project\CroppedData\Tinea\tinea-hand-dorsum-20.jpeg,Tinea,Psoriasis,0.62130666
C:\Updated_Project\CroppedData\Tinea\tinea-hand-dorsum-21.jpeg,Tinea,Psoriasis,0.67835718
C:\Updated_Project\CroppedData\Tinea\tinea-hand-dorsum-28.jpeg,Tinea,Psoriasis,0.55156958
C:\Updated_Project\CroppedData\Tinea\tinea-hand-dorsum-31.jpeg,Tinea,Psoriasis,0.66180283
C:\Updated_Project\CroppedData\Tinea\tinea-hand-dorsum-34.jpeg,Tinea,Psoriasis,0.50715292
C:\Updated_Project\CroppedData\Tinea\tinea-hand-dorsum-35.jpeg,Tinea,Psoriasis,0.53910488
C:\Updated_Project\CroppedData\Tinea\tinea-hand-dorsum-41.jpeg,Tinea,Psoriasis,0.77505374
C:\Updated_Project\CroppedData\Tinea\tinea-hand-dorsum-45.jpeg,Tinea,Psoriasis,0.51197743
C:\Updated_Project\CroppedData\Tinea\tinea-hand-dorsum-52.jpeg,Tinea,Psoriasis,0.50725949
C:\Updated_Project\CroppedData\Tinea\tinea-hand-dorsum-54.jpeg,Tinea,Psoriasis,0.56472373
C:\Updated_Project\CroppedData\Tinea\tinea-hand-dorsum-55.jpeg,Tinea,Psoriasis,0.56343472
C:\Updated_Project\CroppedData\Tinea\tinea-hand-dorsum-58.jpeg,Tinea,Psoriasis,0.73010707
C:\Updated_Project\CroppedData\Tinea\tinea-hand-dorsum-60.jpeg,Tinea,Psoriasis,0.62705511
C:\Updated_Project\CroppedData\Tinea\tinea-hand-dorsum-63.jpeg,Tinea,Psoriasis,0.70078397
C:\Updated_Project\CroppedData\Tinea\tinea-hand-dorsum-64.jpeg,Tinea,Psoriasis,0.66885996
C:\Updated_Project\CroppedData\Tinea\tinea-hand-dorsum-65.jpeg,Tinea,Psoriasis,0.48544720
C:\Updated_Project\CroppedData\Tinea\tinea-incognito-10.jpeg,Tinea,Psoriasis,0.56893671
C:\Updated_Project\CroppedData\Tinea\tinea-incognito-15.jpeg,Tinea,Psoriasis,0.59231788
C:\Updated_Project\CroppedData\Tinea\tinea-incognito-17.jpeg,Tinea,Vitiligo,0.37866738
C:\Updated_Project\CroppedData\Tinea\tinea-incognito-24.jpeg,Tinea,Psoriasis,0.78675556
C:\Updated_Project\CroppedData\Tinea\tinea-incognito-28.jpeg,Tinea,Psoriasis,0.69598645
C:\Updated_Project\CroppedData\Tinea\tinea-incognito-29.jpeg,Tinea,Psoriasis,0.65487307
C:\Updated_Project\CroppedData\Tinea\tinea-incognito-30.jpeg,Tinea,Psoriasis,0.50433499
C:\Updated_Project\CroppedData\Tinea\tinea-incognito-35.jpeg,Tinea,Psoriasis,0.59144634
C:\Updated_Project\CroppedData\Tinea\tinea-incognito-50.jpeg,Tinea,Psoriasis,0.45274746
C:\Updated_Project\CroppedData\Tinea\tinea-incognito-58.jpeg,Tinea,Psoriasis,0.48686939
C:\Updated_Project\CroppedData\Tinea\tinea-incognito-61.jpeg,Tinea,Psoriasis,0.51056206
C:\Updated_Project\CroppedData\Tinea\tinea-nigra-1.jpeg,Tinea,Psoriasis,0.58320916
C:\Updated_Project\CroppedData\Tinea\tinea-palm-26.jpeg,Tinea,Psoriasis,0.54655463
C:\Updated_Project\CroppedData\Tinea\tinea-palm-33.jpeg,Tinea,Psoriasis,0.61942858
C:\Updated_Project\CroppedData\Tinea\tinea-palm-35.jpeg,Tinea,Psoriasis,0.66299975
C:\Updated_Project\CroppedData\Tinea\tinea-palm-36.jpeg,Tinea,Psoriasis,0.70682824
C:\Updated_Project\CroppedData\Tinea\tinea-palm-37.jpeg,Tinea,Psoriasis,0.65735900
C:\Updated_Project\CroppedData\Tinea\tinea-palm-39.jpeg,Tinea,Psoriasis,0.57821178
C:\Updated_Project\CroppedData\Tinea\tinea-palm-43.jpeg,Tinea,Psoriasis,0.53655034
C:\Updated_Project\CroppedData\Tinea\tinea-palm-44.jpeg,Tinea,Psoriasis,0.80251467
C:\Updated_Project\CroppedData\Tinea\tinea-palm-47.jpeg,Tinea,Psoriasis,0.52798218
C:\Updated_Project\CroppedData\Tinea\tinea-palm-5.jpeg,Tinea,Psoriasis,0.56121254
C:\Updated_Project\CroppedData\Tinea\tinea-palm-9.jpeg,Tinea,Psoriasis,0.71464527
C:\Updated_Project\CroppedData\Tinea\tinea-primary-lesion-10.jpeg,Tinea,Psoriasis,0.56277549
C:\Updated_Project\CroppedData\Tinea\tinea-primary-lesion-20.jpeg,Tinea,Psoriasis,0.57306361
C:\Updated_Project\CroppedData\Tinea\tinea-primary-lesion-24.jpeg,Tinea,Psoriasis,0.47227585
C:\Updated_Project\CroppedData\Tinea\tinea-primary-lesion-39.jpeg,Tinea,Psoriasis,0.42355618
C:\Updated_Project\CroppedData\Tinea\tinea-primary-lesion-40.jpeg,Tinea,Psoriasis,0.61492890
C:\Updated_Project\CroppedData\Tinea\tinea-primary-lesion-50.jpeg,Tinea,Psoriasis,0.49083376
C:\Updated_Project\CroppedData\Tinea\tinea-primary-lesion-51.jpeg,Tinea,Psoriasis,0.57959801
C:\Updated_Project\CroppedData\Tinea\tinea-primary-lesion-57.jpeg,Tinea,Psoriasis,0.77668077
C:\Updated_Project\CroppedData\Tinea\tinea-scalp-1.jpeg,Tinea,Psoriasis,0.73376125
C:\Updated_Project\CroppedData\Tinea\tinea-scalp-12.jpeg,Tinea,Psoriasis,0.63906932
C:\Updated_Project\CroppedData\Tinea\tinea-scalp-17.jpeg,Tinea,Acne,0.36177340
C:\Updated_Project\CroppedData\Tinea\tinea-scalp-2.jpeg,Tinea,Psoriasis,0.87061661
C:\Updated_Project\CroppedData\Tinea\tinea-scalp-21.jpeg,Tinea,Vitiligo,0.41006434
C:\Updated_Project\CroppedData\Tinea\tinea-scalp-23.jpeg,Tinea,Psoriasis,0.57125503
C:\Updated_Project\CroppedData\Tinea\tinea-scalp-29.jpeg,Tinea,Vitiligo,0.85818267
C:\Updated_Project\CroppedData\Tinea\tinea-scalp-3.jpeg,Tinea,Psoriasis,0.78307128
C:\Updated_Project\CroppedData\Tinea\tinea-scalp-34.jpeg,Tinea,Psoriasis,0.53719401
C:\Updated_Project\CroppedData\Tinea\tinea-scalp-35.jpeg,Tinea,Psoriasis,0.73981160
C:\Updated_Project\CroppedData\Tinea\tinea-scalp-36.jpeg,Tinea,Psoriasis,0.57957530
C:\Updated_Project\CroppedData\Tinea\tinea-scalp-4.jpeg,Tinea,Psoriasis,0.67936057
C:\Updated_Project\CroppedData\Tinea\tinea-scalp-41.jpeg,Tinea,Psoriasis,0.49127251
C:\Updated_Project\CroppedData\Tinea\tinea-scalp-44.jpeg,Tinea,Vitiligo,0.50494981
C:\Updated_Project\CroppedData\Tinea\tinea-scalp-46.jpeg,Tinea,Psoriasis,0.46619621
C:\Updated_Project\CroppedData\Tinea\tinea-scalp-48.jpeg,Tinea,Psoriasis,0.58764839
C:\Updated_Project\CroppedData\Tinea\tinea-scalp-5.jpeg,Tinea,Psoriasis,0.50920111
C:\Updated_Project\CroppedData\Tinea\tinea-scalp-52.jpeg,Tinea,Psoriasis,0.68597579
C:\Updated_Project\CroppedData\Tinea\tinea-scalp-55.jpeg,Tinea,Psoriasis,0.48361680
C:\Updated_Project\CroppedData\Tinea\tinea-scalp-56.jpeg,Tinea,Psoriasis,0.43165743
C:\Updated_Project\CroppedData\Tinea\tinea-scalp-69.jpeg,Tinea,Psoriasis,0.69887304
C:\Updated_Project\CroppedData\Tinea\tinea-scalp-71.jpeg,Tinea,Vitiligo,0.64211529
C:\Updated_Project\CroppedData\Tinea\tinea-versicolor-1.jpeg,Tinea,Psoriasis,0.56138361
C:\Updated_Project\CroppedData\Tinea\tinea-versicolor-108.jpeg,Tinea,Psoriasis,0.47774240
C:\Updated_Project\CroppedData\Tinea\tinea-versicolor-112.jpeg,Tinea,Psoriasis,0.37561515
C:\Updated_Project\CroppedData\Tinea\tinea-versicolor-113.jpeg,Tinea,Psoriasis,0.35948178
C:\Updated_Project\CroppedData\Tinea\tinea-versicolor-118.jpeg,Tinea,Psoriasis,0.57483494
C:\Updated_Project\CroppedData\Tinea\tinea-versicolor-120.jpeg,Tinea,Acne,0.34571201
C:\Updated_Project\CroppedData\Tinea\tinea-versicolor-123.jpeg,Tinea,Psoriasis,0.50219649
C:\Updated_Project\CroppedData\Tinea\tinea-versicolor-125.jpeg,Tinea,Psoriasis,0.53736007
C:\Updated_Project\CroppedData\Tinea\tinea-versicolor-131.jpeg,Tinea,Psoriasis,0.43318546
C:\Updated_Project\CroppedData\Tinea\tinea-versicolor-146.jpeg,Tinea,Psoriasis,0.57805586
C:\Updated_Project\CroppedData\Tinea\tinea-versicolor-152.jpeg,Tinea,Psoriasis,0.50226402
C:\Updated_Project\CroppedData\Tinea\tinea-versicolor-156.jpeg,Tinea,Psoriasis,0.53827286
C:\Updated_Project\CroppedData\Tinea\tinea-versicolor-161.jpeg,Tinea,Psoriasis,0.67413610
C:\Updated_Project\CroppedData\Tinea\tinea-versicolor-162.jpeg,Tinea,Psoriasis,0.56114274
C:\Updated_Project\CroppedData\Tinea\tinea-versicolor-165.jpeg,Tinea,Psoriasis,0.50720245
C:\Updated_Project\CroppedData\Tinea\tinea-versicolor-166.jpeg,Tinea,Psoriasis,0.50830901
C:\Updated_Project\CroppedData\Tinea\tinea-versicolor-17.jpeg,Tinea,Psoriasis,0.43599316
C:\Updated_Project\CroppedData\Tinea\tinea-versicolor-171.jpeg,Tinea,Acne,0.42716795
C:\Updated_Project\CroppedData\Tinea\tinea-versicolor-181.jpeg,Tinea,Acne,0.45392400
C:\Updated_Project\CroppedData\Tinea\tinea-versicolor-183.jpeg,Tinea,Acne,0.42206502
C:\Updated_Project\CroppedData\Tinea\tinea-versicolor-189.jpeg,Tinea,Psoriasis,0.45704085
C:\Updated_Project\CroppedData\Tinea\tinea-versicolor-196.jpeg,Tinea,Psoriasis,0.45583573
C:\Updated_Project\CroppedData\Tinea\tinea-versicolor-81.jpeg,Tinea,Psoriasis,0.57730407
C:\Updated_Project\CroppedData\Tinea\tinea-versicolor-88.jpeg,Tinea,Psoriasis,0.40174556
C:\Updated_Project\CroppedData\Tinea\tinea-versicolor-91.jpeg,Tinea,Psoriasis,0.64661950
C:\Updated_Project\CroppedData\Tinea\tinea-versicolor-94.jpeg,Tinea,Psoriasis,0.44549811
C:\Updated_Project\CroppedData\Tinea\tinea-versicolor-95.jpeg,Tinea,Psoriasis,0.52106661
C:\Updated_Project\CroppedData\Tinea\tinea-versicolor-97.jpeg,Tinea,Psoriasis,0.32892385
C:\Updated_Project\CroppedData\Tinea\tinped10__ProtectWyJQcm90ZWN0Il0_FocusFillWzI5NCwyMjIsInkiLDM2XQ.jpeg,Tinea,Psoriasis,0.55662823
C:\Updated_Project\CroppedData\Tinea\tinped13__ProtectWyJQcm90ZWN0Il0_FocusFillWzI5NCwyMjIsInkiLDM2XQ.jpeg,Tinea,Psoriasis,0.83963585
C:\Updated_Project\CroppedData\Tinea\tinped17__ProtectWyJQcm90ZWN0Il0_FocusFillWzI5NCwyMjIsInkiLDdd.jpeg,Tinea,Psoriasis,0.49093670
C:\Updated_Project\CroppedData\Tinea\tinped18__ProtectWyJQcm90ZWN0Il0_FocusFillWzI5NCwyMjIsIngiLDFd.jpeg,Tinea,Psoriasis,0.49750176
C:\Updated_Project\CroppedData\Tinea\tinped22__ProtectWyJQcm90ZWN0Il0_FocusFillWzI5NCwyMjIsIngiLDFd.jpeg,Tinea,Psoriasis,0.44753984
C:\Updated_Project\CroppedData\Tinea\tinped23__ProtectWyJQcm90ZWN0Il0_FocusFillWzI5NCwyMjIsInkiLDE0XQ.jpeg,Tinea,Psoriasis,0.73543817
C:\Updated_Project\CroppedData\Tinea\tinped24__ProtectWyJQcm90ZWN0Il0_FocusFillWzI5NCwyMjIsIngiLDJd.jpeg,Tinea,Psoriasis,0.76875889
C:\Updated_Project\CroppedData\Tinea\tinped29__ProtectWyJQcm90ZWN0Il0_FocusFillWzI5NCwyMjIsIngiLDFd.jpeg,Tinea,Psoriasis,0.70257962
C:\Updated_Project\CroppedData\Tinea\tinped32__ProtectWyJQcm90ZWN0Il0_FocusFillWzI5NCwyMjIsIngiLDFd.jpeg,Tinea,Psoriasis,0.84718096
C:\Updated_Project\CroppedData\Tinea\tinped9__ProtectWyJQcm90ZWN0Il0_FocusFillWzI5NCwyMjIsInkiLDM2XQ.jpeg,Tinea,Psoriasis,0.47154424
C:\Updated_Project\CroppedData\Vitiligo\Image1.jpeg,Vitiligo,Tinea,0.45345002
C:\Updated_Project\CroppedData\Vitiligo\Image114.jpeg,Vitiligo,Tinea,0.40823564
C:\Updated_Project\CroppedData\Vitiligo\Image128.jpeg,Vitiligo,Tinea,0.71135330
C:\Updated_Project\CroppedData\Vitiligo\Image140.jpeg,Vitiligo,Tinea,0.34189403
C:\Updated_Project\CroppedData\Vitiligo\Image141.jpeg,Vitiligo,Tinea,0.31571108
C:\Updated_Project\CroppedData\Vitiligo\Image167.jpeg,Vitiligo,Acne,0.32733122
C:\Updated_Project\CroppedData\Vitiligo\Image181.jpeg,Vitiligo,Tinea,0.32897845
C:\Updated_Project\CroppedData\Vitiligo\Image206.jpeg,Vitiligo,Psoriasis,0.34350359
C:\Updated_Project\CroppedData\Vitiligo\Image239.jpeg,Vitiligo,Tinea,0.41284916
C:\Updated_Project\CroppedData\Vitiligo\Image348.jpeg,Vitiligo,Tinea,0.66622180
C:\Updated_Project\CroppedData\Vitiligo\Image404.jpeg,Vitiligo,Tinea,0.32157367
C:\Updated_Project\CroppedData\Vitiligo\Image423.jpeg,Vitiligo,Acne,0.40704322
C:\Updated_Project\CroppedData\Vitiligo\Image441.jpeg,Vitiligo,Tinea,0.40319550
C:\Updated_Project\CroppedData\Vitiligo\Image491.jpeg,Vitiligo,Psoriasis,0.43655533
C:\Updated_Project\CroppedData\Vitiligo\Image542.jpeg,Vitiligo,Psoriasis,0.51888996
C:\Updated_Project\CroppedData\Vitiligo\Image543.jpeg,Vitiligo,Tinea,0.47443792
C:\Updated_Project\CroppedData\Vitiligo\Image544.jpeg,Vitiligo,Psoriasis,0.66281807
C:\Updated_Project\CroppedData\Vitiligo\Image546.jpeg,Vitiligo,Tinea,0.33383277
C:\Updated_Project\CroppedData\Vitiligo\Image547.jpeg,Vitiligo,Tinea,0.61879855
C:\Updated_Project\CroppedData\Vitiligo\Image552.jpeg,Vitiligo,Psoriasis,0.40006316
C:\Updated_Project\CroppedData\Vitiligo\Image553.jpeg,Vitiligo,Psoriasis,0.61934090
C:\Updated_Project\CroppedData\Vitiligo\Image556.jpeg,Vitiligo,Psoriasis,0.56575453
C:\Updated_Project\CroppedData\Vitiligo\Image561.jpeg,Vitiligo,Psoriasis,0.60490823
C:\Updated_Project\CroppedData\Vitiligo\Image562.jpeg,Vitiligo,Acne,0.38485742
C:\Updated_Project\CroppedData\Vitiligo\Image570.jpeg,Vitiligo,Psoriasis,0.30606806
C:\Updated_Project\CroppedData\Vitiligo\Image572.jpeg,Vitiligo,Acne,0.53217149
C:\Updated_Project\CroppedData\Vitiligo\Image578.jpeg,Vitiligo,Acne,0.55644566
C:\Updated_Project\CroppedData\Vitiligo\Image581.jpeg,Vitiligo,Tinea,0.46292233
C:\Updated_Project\CroppedData\Vitiligo\Image583.jpeg,Vitiligo,Tinea,0.39770123
C:\Updated_Project\CroppedData\Vitiligo\Image588.jpeg,Vitiligo,Psoriasis,0.60013592
C:\Updated_Project\CroppedData\Vitiligo\Image591.jpeg,Vitiligo,Acne,0.61812896
C:\Updated_Project\CroppedData\Vitiligo\Image592.jpeg,Vitiligo,Psoriasis,0.37134185
C:\Updated_Project\CroppedData\Vitiligo\Image593.jpeg,Vitiligo,Psoriasis,0.43267390
C:\Updated_Project\CroppedData\Vitiligo\Image595.jpeg,Vitiligo,Tinea,0.49782595
C:\Updated_Project\CroppedData\Vitiligo\Image598.jpeg,Vitiligo,Tinea,0.64929998
C:\Updated_Project\CroppedData\Vitiligo\Image600.jpeg,Vitiligo,Tinea,0.48347694
C:\Updated_Project\CroppedData\Vitiligo\Image602.jpeg,Vitiligo,Tinea,0.44994074
C:\Updated_Project\CroppedData\Vitiligo\Image604.jpeg,Vitiligo,Tinea,0.41296029
C:\Updated_Project\CroppedData\Vitiligo\Image605.jpeg,Vitiligo,Tinea,0.34642518
C:\Updated_Project\CroppedData\Vitiligo\Image606.jpeg,Vitiligo,Psoriasis,0.57823187
C:\Updated_Project\CroppedData\Vitiligo\Image610.jpeg,Vitiligo,Psoriasis,0.65718788
C:\Updated_Project\CroppedData\Vitiligo\Image612.jpeg,Vitiligo,Psoriasis,0.52506930
C:\Updated_Project\CroppedData\Vitiligo\Image614.jpeg,Vitiligo,Tinea,0.70181507
C:\Updated_Project\CroppedData\Vitiligo\Image615.jpeg,Vitiligo,Acne,0.47457314
C:\Updated_Project\CroppedData\Vitiligo\Image617.jpeg,Vitiligo,Tinea,0.30359510
C:\Updated_Project\CroppedData\Vitiligo\Image619.jpeg,Vitiligo,Tinea,0.37588346
C:\Updated_Project\CroppedData\Vitiligo\Image620.jpeg,Vitiligo,Tinea,0.41605312
C:\Updated_Project\CroppedData\Vitiligo\Image621.jpeg,Vitiligo,Tinea,0.51358193
C:\Updated_Project\CroppedData\Vitiligo\Image623.jpeg,Vitiligo,Psoriasis,0.46509141
C:\Updated_Project\CroppedData\Vitiligo\Image625.jpeg,Vitiligo,Tinea,0.61905748
C:\Updated_Project\CroppedData\Vitiligo\Image631.jpeg,Vitiligo,Tinea,0.47799394
C:\Updated_Project\CroppedData\Vitiligo\Image633.jpeg,Vitiligo,Tinea,0.65493357
C:\Updated_Project\CroppedData\Vitiligo\Image635.jpeg,Vitiligo,Tinea,0.53890127
C:\Updated_Project\CroppedData\Vitiligo\Image636.jpeg,Vitiligo,Tinea,0.58375567
C:\Updated_Project\CroppedData\Vitiligo\Image638.jpeg,Vitiligo,Tinea,0.62246835
C:\Updated_Project\CroppedData\Vitiligo\Image639.jpeg,Vitiligo,Psoriasis,0.43616456
C:\Updated_Project\CroppedData\Vitiligo\Image640.jpeg,Vitiligo,Tinea,0.65183693
C:\Updated_Project\CroppedData\Vitiligo\Image642.jpeg,Vitiligo,Tinea,0.63143766
C:\Updated_Project\CroppedData\Vitiligo\Image644.jpeg,Vitiligo,Tinea,0.54094142
C:\Updated_Project\CroppedData\Vitiligo\Image646.jpeg,Vitiligo,Psoriasis,0.35069433
C:\Updated_Project\CroppedData\Vitiligo\Image647.jpeg,Vitiligo,Tinea,0.37407747
C:\Updated_Project\CroppedData\Vitiligo\Image650.jpeg,Vitiligo,Psoriasis,0.47223625
C:\Updated_Project\CroppedData\Vitiligo\Image652.jpeg,Vitiligo,Tinea,0.47319996
C:\Updated_Project\CroppedData\Vitiligo\Image654.jpeg,Vitiligo,Tinea,0.49735004
C:\Updated_Project\CroppedData\Vitiligo\Image657.jpeg,Vitiligo,Tinea,0.69465554
C:\Updated_Project\CroppedData\Vitiligo\Image659.jpeg,Vitiligo,Psoriasis,0.44693643
C:\Updated_Project\CroppedData\Vitiligo\Image660.jpeg,Vitiligo,Tinea,0.55354786
C:\Updated_Project\CroppedData\Vitiligo\Image662.jpeg,Vitiligo,Tinea,0.59730077
C:\Updated_Project\CroppedData\Vitiligo\Image664.jpeg,Vitiligo,Acne,0.33784333
C:\Updated_Project\CroppedData\Vitiligo\Image665.jpeg,Vitiligo,Tinea,0.57646531
C:\Updated_Project\CroppedData\Vitiligo\Image667.jpeg,Vitiligo,Psoriasis,0.49442223
C:\Updated_Project\CroppedData\Vitiligo\Image671.jpeg,Vitiligo,Psoriasis,0.45274106
C:\Updated_Project\CroppedData\Vitiligo\Image673.jpeg,Vitiligo,Psoriasis,0.52225196
C:\Updated_Project\CroppedData\Vitiligo\Image676.jpeg,Vitiligo,Tinea,0.57351726
C:\Updated_Project\CroppedData\Vitiligo\Image679.jpeg,Vitiligo,Psoriasis,0.37613422
C:\Updated_Project\CroppedData\Vitiligo\Image680.jpeg,Vitiligo,Psoriasis,0.38576791
C:\Updated_Project\CroppedData\Vitiligo\Image687.jpeg,Vitiligo,Psoriasis,0.51838875
C:\Updated_Project\CroppedData\Vitiligo\Image688.jpeg,Vitiligo,Tinea,0.46821907
C:\Updated_Project\CroppedData\Vitiligo\Image689.jpeg,Vitiligo,Psoriasis,0.55504030
C:\Updated_Project\CroppedData\Vitiligo\Vitiligo_a7d60ed382.jpg,Vitiligo,Tinea,0.41049966
C:\Updated_Project\CroppedData\Vitiligo\Vitiligo_d0c1fe9356.jpg,Vitiligo,Psoriasis,0.69713110
C:\Updated_Project\CroppedData\Vitiligo\Vitiligo_fe161aaa31.jpg,Vitiligo,Acne,0.73393345
